modelrun_id,modelrun_alias,superdistrict,total_households,total_jobs,hh_growth,jobs_growth,hh_share_of_growth,jobs_share_of_growth
PBA50Plus_NoProject/PBA50Plus_NoProject_v38,2023 No Project,1.0,98749.4,404227.4,,,,
PBA50Plus_NoProject/PBA50Plus_NoProject_v38,2023 No Project,2.0,109761.4,111686.6,,,,
PBA50Plus_NoProject/PBA50Plus_NoProject_v38,2023 No Project,3.0,145624.2,192930.0,,,,
PBA50Plus_NoProject/PBA50Plus_NoProject_v38,2023 No Project,4.0,52757.2,31142.0,,,,
PBA50Plus_NoProject/PBA50Plus_NoProject_v38,2023 No Project,5.0,105090.2,135130.8,,,,
PBA50Plus_NoProject/PBA50Plus_NoProject_v38,2023 No Project,6.0,95151.2,115734.4,,,,
PBA50Plus_NoProject/PBA50Plus_NoProject_v38,2023 No Project,7.0,87633.0,164867.0,,,,
PBA50Plus_NoProject/PBA50Plus_NoProject_v38,2023 No Project,8.0,76723.6,174223.2,,,,
PBA50Plus_NoProject/PBA50Plus_NoProject_v38,2023 No Project,9.0,122765.8,391061.8,,,,
PBA50Plus_NoProject/PBA50Plus_NoProject_v38,2023 No Project,10.0,123834.4,142996.0,,,,
PBA50Plus_NoProject/PBA50Plus_NoProject_v38,2023 No Project,11.0,114347.0,177144.8,,,,
PBA50Plus_NoProject/PBA50Plus_NoProject_v38,2023 No Project,12.0,113303.2,114332.6,,,,
PBA50Plus_NoProject/PBA50Plus_NoProject_v38,2023 No Project,13.0,74419.8,53255.6,,,,
PBA50Plus_NoProject/PBA50Plus_NoProject_v38,2023 No Project,14.0,36818.0,47331.8,,,,
PBA50Plus_NoProject/PBA50Plus_NoProject_v38,2023 No Project,15.0,85892.4,134676.4,,,,
PBA50Plus_NoProject/PBA50Plus_NoProject_v38,2023 No Project,16.0,112605.6,142615.0,,,,
PBA50Plus_NoProject/PBA50Plus_NoProject_v38,2023 No Project,17.0,126618.8,160813.8,,,,
PBA50Plus_NoProject/PBA50Plus_NoProject_v38,2023 No Project,18.0,199187.0,289512.4,,,,
PBA50Plus_NoProject/PBA50Plus_NoProject_v38,2023 No Project,19.0,78965.8,168539.6,,,,
PBA50Plus_NoProject/PBA50Plus_NoProject_v38,2023 No Project,20.0,93809.8,83317.0,,,,
PBA50Plus_NoProject/PBA50Plus_NoProject_v38,2023 No Project,21.0,88651.4,123183.6,,,,
PBA50Plus_NoProject/PBA50Plus_NoProject_v38,2023 No Project,22.0,62575.6,84952.6,,,,
PBA50Plus_NoProject/PBA50Plus_NoProject_v38,2023 No Project,23.0,56926.6,67411.8,,,,
PBA50Plus_NoProject/PBA50Plus_NoProject_v38,2023 No Project,24.0,101159.4,54868.8,,,,
PBA50Plus_NoProject/PBA50Plus_NoProject_v38,2023 No Project,25.0,52536.8,43473.2,,,,
PBA50Plus_NoProject/PBA50Plus_NoProject_v38,2023 No Project,26.0,93530.2,82785.8,,,,
PBA50Plus_NoProject/PBA50Plus_NoProject_v38,2023 No Project,27.0,35222.2,46202.4,,,,
PBA50Plus_NoProject/PBA50Plus_NoProject_v38,2023 No Project,28.0,15654.0,20808.4,,,,
PBA50Plus_NoProject/PBA50Plus_NoProject_v38,2023 No Project,29.0,65877.2,70928.6,,,,
PBA50Plus_NoProject/PBA50Plus_NoProject_v38,2023 No Project,30.0,87324.2,112699.8,,,,
PBA50Plus_NoProject/PBA50Plus_NoProject_v38,2023 No Project,31.0,35728.2,32066.4,,,,
PBA50Plus_NoProject/PBA50Plus_NoProject_v38,2023 No Project,32.0,23012.0,27365.0,,,,
PBA50Plus_NoProject/PBA50Plus_NoProject_v38,2023 No Project,33.0,43716.8,58395.8,,,,
PBA50Plus_NoProject/PBA50Plus_NoProject_v38,2023 No Project,34.0,40923.0,40617.0,,,,
PBA50Plus_NoProject/PBA50Plus_NoProject_v38,2050 No Project,1.0,128382.0,533626.0,29632.600000000006,129398.59999999998,0.03161975622805458,0.09708031179472527
PBA50Plus_NoProject/PBA50Plus_NoProject_v38,2050 No Project,2.0,123180.0,138384.0,13418.600000000006,26697.399999999994,0.014318448631634529,0.02002952053660935
PBA50Plus_NoProject/PBA50Plus_NoProject_v38,2050 No Project,3.0,199090.0,278609.0,53465.79999999999,85679.0,0.05705120585226811,0.06428001565905866
PBA50Plus_NoProject/PBA50Plus_NoProject_v38,2050 No Project,4.0,64527.0,35292.0,11769.800000000003,4150.0,0.012559080433473839,0.003113505818054523
PBA50Plus_NoProject/PBA50Plus_NoProject_v38,2050 No Project,5.0,135808.0,201360.0,30717.800000000003,66229.20000000001,0.03277772952296238,0.04968795169279437
PBA50Plus_NoProject/PBA50Plus_NoProject_v38,2050 No Project,6.0,113741.0,151824.0,18589.800000000003,36089.600000000006,0.019836428269145775,0.02707594688464109
PBA50Plus_NoProject/PBA50Plus_NoProject_v38,2050 No Project,7.0,103800.0,234397.0,16167.0,69530.0,0.017251155785822318,0.05216435169381469
PBA50Plus_NoProject/PBA50Plus_NoProject_v38,2050 No Project,8.0,98212.0,213506.0,21488.399999999994,39282.79999999999,0.022929407805286333,0.02947162080710173
PBA50Plus_NoProject/PBA50Plus_NoProject_v38,2050 No Project,9.0,219159.0,627289.0,96393.2,236227.2,0.10285730870872319,0.17722765339342877
PBA50Plus_NoProject/PBA50Plus_NoProject_v38,2050 No Project,10.0,164112.0,206780.0,40277.600000000006,63784.0,0.042978607798542526,0.047853459059949324
PBA50Plus_NoProject/PBA50Plus_NoProject_v38,2050 No Project,11.0,249950.0,258309.0,135603.0,81164.20000000001,0.14469651005287706,0.060892821425961675
PBA50Plus_NoProject/PBA50Plus_NoProject_v38,2050 No Project,12.0,165071.0,133777.0,51767.8,19444.399999999994,0.055239338311949805,0.014588012657488998
PBA50Plus_NoProject/PBA50Plus_NoProject_v38,2050 No Project,13.0,95993.0,66412.0,21573.199999999997,13156.400000000001,0.02301989447632226,0.009870488661362056
PBA50Plus_NoProject/PBA50Plus_NoProject_v38,2050 No Project,14.0,68913.0,59626.0,32095.0,12294.199999999997,0.03424728427945613,0.009223629693572507
PBA50Plus_NoProject/PBA50Plus_NoProject_v38,2050 No Project,15.0,120572.0,157442.0,34679.600000000006,22765.600000000006,0.03700520703841181,0.01707971760277158
PBA50Plus_NoProject/PBA50Plus_NoProject_v38,2050 No Project,16.0,145877.0,182865.0,33271.399999999994,40250.0,0.035502573428119535,0.03019725522329989
PBA50Plus_NoProject/PBA50Plus_NoProject_v38,2050 No Project,17.0,147388.0,198546.0,20769.199999999997,37732.20000000001,0.02216197839716093,0.028308294994698047
PBA50Plus_NoProject/PBA50Plus_NoProject_v38,2050 No Project,18.0,244767.0,391358.0,45580.0,101845.59999999998,0.04863658568180746,0.07640888388994063
PBA50Plus_NoProject/PBA50Plus_NoProject_v38,2050 No Project,19.0,103929.0,208536.0,24963.199999999997,39996.399999999994,0.026637227198159186,0.030006993759333953
PBA50Plus_NoProject/PBA50Plus_NoProject_v38,2050 No Project,20.0,116330.0,109858.0,22520.199999999997,26541.0,0.024030400106876706,0.019912182630598817
PBA50Plus_NoProject/PBA50Plus_NoProject_v38,2050 No Project,21.0,123334.0,174809.0,34682.600000000006,51625.399999999994,0.037008408217811664,0.03873156223117878
PBA50Plus_NoProject/PBA50Plus_NoProject_v38,2050 No Project,22.0,82490.0,101351.0,19914.4,16398.399999999994,0.021249855680162057,0.01230277441127356
PBA50Plus_NoProject/PBA50Plus_NoProject_v38,2050 No Project,23.0,74092.0,76781.0,17165.4,9369.199999999997,0.01831650829009429,0.007029170773618416
PBA50Plus_NoProject/PBA50Plus_NoProject_v38,2050 No Project,24.0,132974.0,65022.0,31814.600000000006,10153.199999999997,0.03394808071154962,0.007617360788402692
PBA50Plus_NoProject/PBA50Plus_NoProject_v38,2050 No Project,25.0,60177.0,50069.0,7640.199999999997,6595.800000000003,0.008152550283592479,0.004948448596319044
PBA50Plus_NoProject/PBA50Plus_NoProject_v38,2050 No Project,26.0,113356.0,99257.0,19825.800000000003,16471.199999999997,0.02115531418188632,0.012357392055503529
PBA50Plus_NoProject/PBA50Plus_NoProject_v38,2050 No Project,27.0,44305.0,55219.0,9082.800000000003,9016.599999999999,0.009691890751003091,0.006764635315438652
PBA50Plus_NoProject/PBA50Plus_NoProject_v38,2050 No Project,28.0,16810.0,19926.0,1156.0,-882.4000000000015,0.0012335211287443928,-0.0006620138635786302
PBA50Plus_NoProject/PBA50Plus_NoProject_v38,2050 No Project,29.0,73084.0,85845.0,7206.800000000003,14916.399999999994,0.007690086566293333,0.011190915225163486
PBA50Plus_NoProject/PBA50Plus_NoProject_v38,2050 No Project,30.0,95949.0,140087.0,8624.800000000003,27387.199999999997,0.009203177362625123,0.020547037720535618
PBA50Plus_NoProject/PBA50Plus_NoProject_v38,2050 No Project,31.0,39482.0,42688.0,3753.800000000003,10621.599999999999,0.004005529077059433,0.007968774312541666
PBA50Plus_NoProject/PBA50Plus_NoProject_v38,2050 No Project,32.0,32135.0,30915.0,9123.0,3550.0,0.009734786554961156,0.0026633603985767606
PBA50Plus_NoProject/PBA50Plus_NoProject_v38,2050 No Project,33.0,50777.0,60990.0,7060.199999999997,2594.199999999997,0.007533655599620379,0.001946278745348683
PBA50Plus_NoProject/PBA50Plus_NoProject_v38,2050 No Project,34.0,46284.0,43445.0,5361.0,2828.0,0.005720507587542119,0.002121685410471853
PBA50Plus_DraftBlueprint/PBA50Plus_Draft_Blueprint_v8_znupd_nodevfix,2023 Draft Blueprint,1.0,98749.4,404227.4,,,,
PBA50Plus_DraftBlueprint/PBA50Plus_Draft_Blueprint_v8_znupd_nodevfix,2023 Draft Blueprint,2.0,109761.4,111686.6,,,,
PBA50Plus_DraftBlueprint/PBA50Plus_Draft_Blueprint_v8_znupd_nodevfix,2023 Draft Blueprint,3.0,145624.2,192930.0,,,,
PBA50Plus_DraftBlueprint/PBA50Plus_Draft_Blueprint_v8_znupd_nodevfix,2023 Draft Blueprint,4.0,52757.2,31142.0,,,,
PBA50Plus_DraftBlueprint/PBA50Plus_Draft_Blueprint_v8_znupd_nodevfix,2023 Draft Blueprint,5.0,105090.2,135130.8,,,,
PBA50Plus_DraftBlueprint/PBA50Plus_Draft_Blueprint_v8_znupd_nodevfix,2023 Draft Blueprint,6.0,95151.2,115734.4,,,,
PBA50Plus_DraftBlueprint/PBA50Plus_Draft_Blueprint_v8_znupd_nodevfix,2023 Draft Blueprint,7.0,87633.0,164867.0,,,,
PBA50Plus_DraftBlueprint/PBA50Plus_Draft_Blueprint_v8_znupd_nodevfix,2023 Draft Blueprint,8.0,76723.6,174223.2,,,,
PBA50Plus_DraftBlueprint/PBA50Plus_Draft_Blueprint_v8_znupd_nodevfix,2023 Draft Blueprint,9.0,122765.8,391061.8,,,,
PBA50Plus_DraftBlueprint/PBA50Plus_Draft_Blueprint_v8_znupd_nodevfix,2023 Draft Blueprint,10.0,123834.4,142996.0,,,,
PBA50Plus_DraftBlueprint/PBA50Plus_Draft_Blueprint_v8_znupd_nodevfix,2023 Draft Blueprint,11.0,114347.0,177144.8,,,,
PBA50Plus_DraftBlueprint/PBA50Plus_Draft_Blueprint_v8_znupd_nodevfix,2023 Draft Blueprint,12.0,113303.2,114332.6,,,,
PBA50Plus_DraftBlueprint/PBA50Plus_Draft_Blueprint_v8_znupd_nodevfix,2023 Draft Blueprint,13.0,74419.8,53255.6,,,,
PBA50Plus_DraftBlueprint/PBA50Plus_Draft_Blueprint_v8_znupd_nodevfix,2023 Draft Blueprint,14.0,36818.0,47331.8,,,,
PBA50Plus_DraftBlueprint/PBA50Plus_Draft_Blueprint_v8_znupd_nodevfix,2023 Draft Blueprint,15.0,85892.4,134676.4,,,,
PBA50Plus_DraftBlueprint/PBA50Plus_Draft_Blueprint_v8_znupd_nodevfix,2023 Draft Blueprint,16.0,112605.6,142615.0,,,,
PBA50Plus_DraftBlueprint/PBA50Plus_Draft_Blueprint_v8_znupd_nodevfix,2023 Draft Blueprint,17.0,126618.8,160813.8,,,,
PBA50Plus_DraftBlueprint/PBA50Plus_Draft_Blueprint_v8_znupd_nodevfix,2023 Draft Blueprint,18.0,199187.0,289512.4,,,,
PBA50Plus_DraftBlueprint/PBA50Plus_Draft_Blueprint_v8_znupd_nodevfix,2023 Draft Blueprint,19.0,78965.8,168539.6,,,,
PBA50Plus_DraftBlueprint/PBA50Plus_Draft_Blueprint_v8_znupd_nodevfix,2023 Draft Blueprint,20.0,93809.8,83317.0,,,,
PBA50Plus_DraftBlueprint/PBA50Plus_Draft_Blueprint_v8_znupd_nodevfix,2023 Draft Blueprint,21.0,88651.4,123183.6,,,,
PBA50Plus_DraftBlueprint/PBA50Plus_Draft_Blueprint_v8_znupd_nodevfix,2023 Draft Blueprint,22.0,62575.6,84952.6,,,,
PBA50Plus_DraftBlueprint/PBA50Plus_Draft_Blueprint_v8_znupd_nodevfix,2023 Draft Blueprint,23.0,56926.6,67411.8,,,,
PBA50Plus_DraftBlueprint/PBA50Plus_Draft_Blueprint_v8_znupd_nodevfix,2023 Draft Blueprint,24.0,101159.4,54868.8,,,,
PBA50Plus_DraftBlueprint/PBA50Plus_Draft_Blueprint_v8_znupd_nodevfix,2023 Draft Blueprint,25.0,52536.8,43473.2,,,,
PBA50Plus_DraftBlueprint/PBA50Plus_Draft_Blueprint_v8_znupd_nodevfix,2023 Draft Blueprint,26.0,93530.2,82785.8,,,,
PBA50Plus_DraftBlueprint/PBA50Plus_Draft_Blueprint_v8_znupd_nodevfix,2023 Draft Blueprint,27.0,35222.2,46202.4,,,,
PBA50Plus_DraftBlueprint/PBA50Plus_Draft_Blueprint_v8_znupd_nodevfix,2023 Draft Blueprint,28.0,15654.0,20808.4,,,,
PBA50Plus_DraftBlueprint/PBA50Plus_Draft_Blueprint_v8_znupd_nodevfix,2023 Draft Blueprint,29.0,65877.2,70928.6,,,,
PBA50Plus_DraftBlueprint/PBA50Plus_Draft_Blueprint_v8_znupd_nodevfix,2023 Draft Blueprint,30.0,87324.2,112699.8,,,,
PBA50Plus_DraftBlueprint/PBA50Plus_Draft_Blueprint_v8_znupd_nodevfix,2023 Draft Blueprint,31.0,35728.2,32066.4,,,,
PBA50Plus_DraftBlueprint/PBA50Plus_Draft_Blueprint_v8_znupd_nodevfix,2023 Draft Blueprint,32.0,23012.0,27365.0,,,,
PBA50Plus_DraftBlueprint/PBA50Plus_Draft_Blueprint_v8_znupd_nodevfix,2023 Draft Blueprint,33.0,43716.8,58395.8,,,,
PBA50Plus_DraftBlueprint/PBA50Plus_Draft_Blueprint_v8_znupd_nodevfix,2023 Draft Blueprint,34.0,40923.0,40617.0,,,,
PBA50Plus_DraftBlueprint/PBA50Plus_Draft_Blueprint_v8_znupd_nodevfix,2050 Draft Blueprint,1.0,147978.0,526860.0,49228.600000000006,122632.59999999998,0.05252918744650097,0.09200389584686579
PBA50Plus_DraftBlueprint/PBA50Plus_Draft_Blueprint_v8_znupd_nodevfix,2050 Draft Blueprint,2.0,130762.0,126267.0,21000.600000000006,14580.399999999994,0.022408609098958504,0.010938800963248285
PBA50Plus_DraftBlueprint/PBA50Plus_Draft_Blueprint_v8_znupd_nodevfix,2050 Draft Blueprint,3.0,207278.0,276693.0,61653.79999999999,83763.0,0.06578744910456688,0.06284236269818155
PBA50Plus_DraftBlueprint/PBA50Plus_Draft_Blueprint_v8_znupd_nodevfix,2050 Draft Blueprint,4.0,65680.0,34254.0,12922.800000000003,3112.0,0.013789223815701501,0.002334747235852835
PBA50Plus_DraftBlueprint/PBA50Plus_Draft_Blueprint_v8_znupd_nodevfix,2050 Draft Blueprint,5.0,169637.0,206550.0,64546.8,71419.20000000001,0.06887441357811941,0.05358154877468535
PBA50Plus_DraftBlueprint/PBA50Plus_Draft_Blueprint_v8_znupd_nodevfix,2050 Draft Blueprint,6.0,111673.0,157707.0,16521.800000000003,41972.600000000006,0.017629522861783594,0.031489528223507944
PBA50Plus_DraftBlueprint/PBA50Plus_Draft_Blueprint_v8_znupd_nodevfix,2050 Draft Blueprint,7.0,108047.0,254493.0,20414.0,89626.0,0.021782679835154174,0.06724102048860739
PBA50Plus_DraftBlueprint/PBA50Plus_Draft_Blueprint_v8_znupd_nodevfix,2050 Draft Blueprint,8.0,96426.0,231788.0,19702.399999999994,57564.79999999999,0.021023369804258913,0.043187422134454125
PBA50Plus_DraftBlueprint/PBA50Plus_Draft_Blueprint_v8_znupd_nodevfix,2050 Draft Blueprint,9.0,213540.0,667358.0,90774.2,276296.2,0.09686025942452493,0.20728849268208294
PBA50Plus_DraftBlueprint/PBA50Plus_Draft_Blueprint_v8_znupd_nodevfix,2050 Draft Blueprint,10.0,156514.0,213662.0,32679.600000000006,70666.0,0.0348706409297984,0.05301646792055798
PBA50Plus_DraftBlueprint/PBA50Plus_Draft_Blueprint_v8_znupd_nodevfix,2050 Draft Blueprint,11.0,171677.0,290259.0,57330.0,113114.20000000001,0.061173755018584734,0.08486281034245012
PBA50Plus_DraftBlueprint/PBA50Plus_Draft_Blueprint_v8_znupd_nodevfix,2050 Draft Blueprint,12.0,146719.0,135363.0,33415.8,21030.399999999994,0.035656200295657144,0.015777849700796737
PBA50Plus_DraftBlueprint/PBA50Plus_Draft_Blueprint_v8_znupd_nodevfix,2050 Draft Blueprint,13.0,88877.0,66028.0,14457.199999999997,12772.400000000001,0.015426499407896093,0.009582366836506026
PBA50Plus_DraftBlueprint/PBA50Plus_Draft_Blueprint_v8_znupd_nodevfix,2050 Draft Blueprint,14.0,43184.0,60641.0,6366.0,13309.199999999997,0.00679281570640695,0.009985095729888349
PBA50Plus_DraftBlueprint/PBA50Plus_Draft_Blueprint_v8_znupd_nodevfix,2050 Draft Blueprint,15.0,121095.0,158970.0,35202.600000000006,24293.600000000006,0.03756279833276176,0.01822603324193909
PBA50Plus_DraftBlueprint/PBA50Plus_Draft_Blueprint_v8_znupd_nodevfix,2050 Draft Blueprint,16.0,153516.0,183130.0,40910.399999999994,40515.0,0.043653284271974686,0.03039597823283342
PBA50Plus_DraftBlueprint/PBA50Plus_Draft_Blueprint_v8_znupd_nodevfix,2050 Draft Blueprint,17.0,154670.0,189892.0,28051.199999999997,29078.20000000001,0.029931924590569058,0.02181563209305139
PBA50Plus_DraftBlueprint/PBA50Plus_Draft_Blueprint_v8_znupd_nodevfix,2050 Draft Blueprint,18.0,275403.0,353382.0,76216.0,63869.59999999998,0.08132598835681937,0.047917536007399154
PBA50Plus_DraftBlueprint/PBA50Plus_Draft_Blueprint_v8_znupd_nodevfix,2050 Draft Blueprint,19.0,108058.0,184678.0,29092.199999999997,16138.399999999994,0.031042719618902332,0.0121076750614034
PBA50Plus_DraftBlueprint/PBA50Plus_Draft_Blueprint_v8_znupd_nodevfix,2050 Draft Blueprint,20.0,112694.0,112261.0,18884.199999999997,28944.0,0.020150312655188518,0.0217149498697058
PBA50Plus_DraftBlueprint/PBA50Plus_Draft_Blueprint_v8_znupd_nodevfix,2050 Draft Blueprint,21.0,112616.0,163646.0,23964.600000000006,40462.399999999994,0.025571333848218667,0.03035651560281868
PBA50Plus_DraftBlueprint/PBA50Plus_Draft_Blueprint_v8_znupd_nodevfix,2050 Draft Blueprint,22.0,78189.0,85986.0,15613.400000000001,1033.3999999999942,0.016660218151180378,0.0007752981341678361
PBA50Plus_DraftBlueprint/PBA50Plus_Draft_Blueprint_v8_znupd_nodevfix,2050 Draft Blueprint,23.0,68112.0,67059.0,11185.400000000001,-352.8000000000029,0.011935337857751227,-0.0002646847123421873
PBA50Plus_DraftBlueprint/PBA50Plus_Draft_Blueprint_v8_znupd_nodevfix,2050 Draft Blueprint,24.0,133071.0,68172.0,31911.600000000006,13303.199999999997,0.034051149496791715,0.009980594289202258
PBA50Plus_DraftBlueprint/PBA50Plus_Draft_Blueprint_v8_znupd_nodevfix,2050 Draft Blueprint,25.0,57771.0,49730.0,5234.199999999997,6256.800000000003,0.005585132888858819,0.004694102347456306
PBA50Plus_DraftBlueprint/PBA50Plus_Draft_Blueprint_v8_znupd_nodevfix,2050 Draft Blueprint,26.0,131005.0,101654.0,37474.8,18868.199999999997,0.039987340564633864,0.014155680525552203
PBA50Plus_DraftBlueprint/PBA50Plus_Draft_Blueprint_v8_znupd_nodevfix,2050 Draft Blueprint,27.0,48572.0,44940.0,13349.800000000003,-1262.4000000000015,0.014244852516084122,-0.0009471031203536704
PBA50Plus_DraftBlueprint/PBA50Plus_Draft_Blueprint_v8_znupd_nodevfix,2050 Draft Blueprint,28.0,23553.0,19465.0,7899.0,-1343.4000000000015,0.008428597434010131,-0.0010078725696159067
PBA50Plus_DraftBlueprint/PBA50Plus_Draft_Blueprint_v8_znupd_nodevfix,2050 Draft Blueprint,29.0,75061.0,90939.0,9183.800000000003,20010.399999999994,0.009799538310477562,0.015012604784161167
PBA50Plus_DraftBlueprint/PBA50Plus_Draft_Blueprint_v8_znupd_nodevfix,2050 Draft Blueprint,30.0,96974.0,147505.0,9649.800000000003,34805.2,0.010296781810192555,0.0261122572279258
PBA50Plus_DraftBlueprint/PBA50Plus_Draft_Blueprint_v8_znupd_nodevfix,2050 Draft Blueprint,31.0,40495.0,43924.0,4766.800000000003,11857.599999999999,0.005086395524552414,0.008896047179899927
PBA50Plus_DraftBlueprint/PBA50Plus_Draft_Blueprint_v8_znupd_nodevfix,2050 Draft Blueprint,32.0,38019.0,30747.0,15007.0,3382.0,0.01601316137386885,0.0025373120667269563
PBA50Plus_DraftBlueprint/PBA50Plus_Draft_Blueprint_v8_znupd_nodevfix,2050 Draft Blueprint,33.0,60533.0,49884.0,16816.199999999997,-8511.800000000003,0.01794366124443615,-0.006385893805312393
PBA50Plus_DraftBlueprint/PBA50Plus_Draft_Blueprint_v8_znupd_nodevfix,2050 Draft Blueprint,34.0,46663.0,40317.0,5740.0,-300.0,0.006124844824815566,-0.0002250720343045792
PBA50Plus_FinalBlueprint/PBA50Plus_Final_Blueprint_v65,2023 Final Blueprint,1.0,98749.4,404227.4,,,,
PBA50Plus_FinalBlueprint/PBA50Plus_Final_Blueprint_v65,2023 Final Blueprint,2.0,109761.4,111686.6,,,,
PBA50Plus_FinalBlueprint/PBA50Plus_Final_Blueprint_v65,2023 Final Blueprint,3.0,145624.2,192930.0,,,,
PBA50Plus_FinalBlueprint/PBA50Plus_Final_Blueprint_v65,2023 Final Blueprint,4.0,52757.2,31142.0,,,,
PBA50Plus_FinalBlueprint/PBA50Plus_Final_Blueprint_v65,2023 Final Blueprint,5.0,105090.2,135130.8,,,,
PBA50Plus_FinalBlueprint/PBA50Plus_Final_Blueprint_v65,2023 Final Blueprint,6.0,95151.2,115734.4,,,,
PBA50Plus_FinalBlueprint/PBA50Plus_Final_Blueprint_v65,2023 Final Blueprint,7.0,87633.0,164867.0,,,,
PBA50Plus_FinalBlueprint/PBA50Plus_Final_Blueprint_v65,2023 Final Blueprint,8.0,76723.6,174223.2,,,,
PBA50Plus_FinalBlueprint/PBA50Plus_Final_Blueprint_v65,2023 Final Blueprint,9.0,122765.8,391061.8,,,,
PBA50Plus_FinalBlueprint/PBA50Plus_Final_Blueprint_v65,2023 Final Blueprint,10.0,123834.4,142996.0,,,,
PBA50Plus_FinalBlueprint/PBA50Plus_Final_Blueprint_v65,2023 Final Blueprint,11.0,114347.0,177144.8,,,,
PBA50Plus_FinalBlueprint/PBA50Plus_Final_Blueprint_v65,2023 Final Blueprint,12.0,113303.2,114332.6,,,,
PBA50Plus_FinalBlueprint/PBA50Plus_Final_Blueprint_v65,2023 Final Blueprint,13.0,74419.8,53255.6,,,,
PBA50Plus_FinalBlueprint/PBA50Plus_Final_Blueprint_v65,2023 Final Blueprint,14.0,36818.0,47331.8,,,,
PBA50Plus_FinalBlueprint/PBA50Plus_Final_Blueprint_v65,2023 Final Blueprint,15.0,85892.4,134676.4,,,,
PBA50Plus_FinalBlueprint/PBA50Plus_Final_Blueprint_v65,2023 Final Blueprint,16.0,112605.6,142615.0,,,,
PBA50Plus_FinalBlueprint/PBA50Plus_Final_Blueprint_v65,2023 Final Blueprint,17.0,126618.8,160813.8,,,,
PBA50Plus_FinalBlueprint/PBA50Plus_Final_Blueprint_v65,2023 Final Blueprint,18.0,199187.0,289512.4,,,,
PBA50Plus_FinalBlueprint/PBA50Plus_Final_Blueprint_v65,2023 Final Blueprint,19.0,78965.8,168539.6,,,,
PBA50Plus_FinalBlueprint/PBA50Plus_Final_Blueprint_v65,2023 Final Blueprint,20.0,93809.8,83317.0,,,,
PBA50Plus_FinalBlueprint/PBA50Plus_Final_Blueprint_v65,2023 Final Blueprint,21.0,88651.4,123183.6,,,,
PBA50Plus_FinalBlueprint/PBA50Plus_Final_Blueprint_v65,2023 Final Blueprint,22.0,62575.6,84952.6,,,,
PBA50Plus_FinalBlueprint/PBA50Plus_Final_Blueprint_v65,2023 Final Blueprint,23.0,56926.6,67411.8,,,,
PBA50Plus_FinalBlueprint/PBA50Plus_Final_Blueprint_v65,2023 Final Blueprint,24.0,101159.4,54868.8,,,,
PBA50Plus_FinalBlueprint/PBA50Plus_Final_Blueprint_v65,2023 Final Blueprint,25.0,52536.8,43473.2,,,,
PBA50Plus_FinalBlueprint/PBA50Plus_Final_Blueprint_v65,2023 Final Blueprint,26.0,93530.2,82785.8,,,,
PBA50Plus_FinalBlueprint/PBA50Plus_Final_Blueprint_v65,2023 Final Blueprint,27.0,35222.2,46202.4,,,,
PBA50Plus_FinalBlueprint/PBA50Plus_Final_Blueprint_v65,2023 Final Blueprint,28.0,15654.0,20808.4,,,,
PBA50Plus_FinalBlueprint/PBA50Plus_Final_Blueprint_v65,2023 Final Blueprint,29.0,65877.2,70928.6,,,,
PBA50Plus_FinalBlueprint/PBA50Plus_Final_Blueprint_v65,2023 Final Blueprint,30.0,87324.2,112699.8,,,,
PBA50Plus_FinalBlueprint/PBA50Plus_Final_Blueprint_v65,2023 Final Blueprint,31.0,35728.2,32066.4,,,,
PBA50Plus_FinalBlueprint/PBA50Plus_Final_Blueprint_v65,2023 Final Blueprint,32.0,23012.0,27365.0,,,,
PBA50Plus_FinalBlueprint/PBA50Plus_Final_Blueprint_v65,2023 Final Blueprint,33.0,43716.8,58395.8,,,,
PBA50Plus_FinalBlueprint/PBA50Plus_Final_Blueprint_v65,2023 Final Blueprint,34.0,40923.0,40617.0,,,,
PBA50Plus_FinalBlueprint/PBA50Plus_Final_Blueprint_v65,2050 Final Blueprint,1.0,152339.0,530022.0,53589.600000000006,125794.59999999998,0.057182575648769385,0.094376863141522
PBA50Plus_FinalBlueprint/PBA50Plus_Final_Blueprint_v65,2050 Final Blueprint,2.0,133501.0,121874.0,23739.600000000006,10187.399999999994,0.02533124846745499,0.007643053482168081
PBA50Plus_FinalBlueprint/PBA50Plus_Final_Blueprint_v65,2050 Final Blueprint,3.0,226389.0,273291.0,80764.79999999999,80361.0,0.08617976782356518,0.060290498152669916
PBA50Plus_FinalBlueprint/PBA50Plus_Final_Blueprint_v65,2050 Final Blueprint,4.0,66398.0,34323.0,13640.800000000003,3181.0,0.01455536294187181,0.0023865317084611065
PBA50Plus_FinalBlueprint/PBA50Plus_Final_Blueprint_v65,2050 Final Blueprint,5.0,166656.0,214925.0,61565.8,79794.20000000001,0.06569354904453488,0.05986525886554142
PBA50Plus_FinalBlueprint/PBA50Plus_Final_Blueprint_v65,2050 Final Blueprint,6.0,114904.0,146431.0,19752.800000000003,30696.600000000006,0.021077148929549986,0.023029993474362534
PBA50Plus_FinalBlueprint/PBA50Plus_Final_Blueprint_v65,2050 Final Blueprint,7.0,112721.0,231478.0,25088.0,66611.0,0.02677005347821828,0.049974619186514545
PBA50Plus_FinalBlueprint/PBA50Plus_Final_Blueprint_v65,2050 Final Blueprint,8.0,102676.0,217279.0,25952.399999999994,43055.79999999999,0.02769240815880548,0.03230243066116306
PBA50Plus_FinalBlueprint/PBA50Plus_Final_Blueprint_v65,2050 Final Blueprint,9.0,215342.0,639634.0,92576.2,248572.2,0.0987830765629078,0.1864902348764338
PBA50Plus_FinalBlueprint/PBA50Plus_Final_Blueprint_v65,2050 Final Blueprint,10.0,151767.0,205035.0,27932.600000000006,62039.0,0.029805372918753188,0.046544495649550016
PBA50Plus_FinalBlueprint/PBA50Plus_Final_Blueprint_v65,2050 Final Blueprint,11.0,175350.0,282922.0,61003.0,105777.20000000001,0.06509301547878467,0.0793588940057316
PBA50Plus_FinalBlueprint/PBA50Plus_Final_Blueprint_v65,2050 Final Blueprint,12.0,157951.0,153634.0,44647.8,39301.399999999994,0.04764126250337987,0.029485708043669703
PBA50Plus_FinalBlueprint/PBA50Plus_Final_Blueprint_v65,2050 Final Blueprint,13.0,87425.0,62614.0,13005.199999999997,9358.400000000001,0.013877148417367835,0.007021099761226792
PBA50Plus_FinalBlueprint/PBA50Plus_Final_Blueprint_v65,2050 Final Blueprint,14.0,44241.0,59464.0,7423.0,12132.199999999997,0.007920683472927865,0.009102131403141098
PBA50Plus_FinalBlueprint/PBA50Plus_Final_Blueprint_v65,2050 Final Blueprint,15.0,122116.0,161336.0,36223.600000000006,26659.600000000006,0.038652252438360485,0.02000125140989932
PBA50Plus_FinalBlueprint/PBA50Plus_Final_Blueprint_v65,2050 Final Blueprint,16.0,158368.0,190640.0,45762.399999999994,48025.0,0.048830592127376275,0.03603055180724447
PBA50Plus_FinalBlueprint/PBA50Plus_Final_Blueprint_v65,2050 Final Blueprint,17.0,159758.0,201604.0,33139.2,40790.20000000001,0.03536105533423833,0.03060267390583787
PBA50Plus_FinalBlueprint/PBA50Plus_Final_Blueprint_v65,2050 Final Blueprint,18.0,279471.0,368133.0,80284.0,78620.59999999998,0.08566673204102664,0.058984770461564674
PBA50Plus_FinalBlueprint/PBA50Plus_Final_Blueprint_v65,2050 Final Blueprint,19.0,120658.0,186909.0,41692.2,18369.399999999994,0.04448750094166821,0.013781564151337768
PBA50Plus_FinalBlueprint/PBA50Plus_Final_Blueprint_v65,2050 Final Blueprint,20.0,121725.0,119198.0,27915.199999999997,35881.0,0.029786806315974124,0.026919567504336047
PBA50Plus_FinalBlueprint/PBA50Plus_Final_Blueprint_v65,2050 Final Blueprint,21.0,115485.0,171382.0,26833.600000000006,48198.399999999994,0.02863268921448972,0.03616064441907947
PBA50Plus_FinalBlueprint/PBA50Plus_Final_Blueprint_v65,2050 Final Blueprint,22.0,73651.0,91844.0,11075.400000000001,6891.399999999994,0.011817962782711206,0.005170243513262765
PBA50Plus_FinalBlueprint/PBA50Plus_Final_Blueprint_v65,2050 Final Blueprint,23.0,61284.0,70186.0,4357.4000000000015,2774.199999999997,0.004649546836176194,0.002081331740211504
PBA50Plus_FinalBlueprint/PBA50Plus_Final_Blueprint_v65,2050 Final Blueprint,24.0,119841.0,73437.0,18681.600000000006,18568.199999999997,0.019934129107887544,0.013930713005044802
PBA50Plus_FinalBlueprint/PBA50Plus_Final_Blueprint_v65,2050 Final Blueprint,25.0,56134.0,54530.0,3597.199999999997,11056.800000000003,0.003838378363035982,0.008295317131126304
PBA50Plus_FinalBlueprint/PBA50Plus_Final_Blueprint_v65,2050 Final Blueprint,26.0,96717.0,105030.0,3186.800000000003,22244.199999999997,0.003400462628523042,0.016688616356287503
PBA50Plus_FinalBlueprint/PBA50Plus_Final_Blueprint_v65,2050 Final Blueprint,27.0,40125.0,53355.0,4902.800000000003,7152.5999999999985,0.005231513799147347,0.005366207701332571
PBA50Plus_FinalBlueprint/PBA50Plus_Final_Blueprint_v65,2050 Final Blueprint,28.0,16185.0,19104.0,531.0,-1704.4000000000015,0.0005666014986022762,-0.0012787188443574705
PBA50Plus_FinalBlueprint/PBA50Plus_Final_Blueprint_v65,2050 Final Blueprint,29.0,74188.0,87767.0,8310.800000000003,16838.399999999994,0.008868007033114498,0.012632937918815305
PBA50Plus_FinalBlueprint/PBA50Plus_Final_Blueprint_v65,2050 Final Blueprint,30.0,100896.0,137927.0,13571.800000000003,25227.199999999997,0.014481736758437615,0.018926599407635972
PBA50Plus_FinalBlueprint/PBA50Plus_Final_Blueprint_v65,2050 Final Blueprint,31.0,38903.0,42551.0,3174.800000000003,10484.599999999999,0.003387658074882313,0.007866026516985638
PBA50Plus_FinalBlueprint/PBA50Plus_Final_Blueprint_v65,2050 Final Blueprint,32.0,30250.0,26996.0,7238.0,-369.0,0.0077232799376332865,-0.00027684067916446033
PBA50Plus_FinalBlueprint/PBA50Plus_Final_Blueprint_v65,2050 Final Blueprint,33.0,53834.0,56999.0,10117.199999999997,-1396.800000000003,0.010795519174498959,-0.0010479432538127887
PBA50Plus_FinalBlueprint/PBA50Plus_Final_Blueprint_v65,2050 Final Blueprint,34.0,46813.0,42340.0,5890.0,1723.0,0.006284901745324684,0.0012926734151771414
PBA50Plus_FinalBlueprint/PBA50Plus_Final_Blueprint_v65_exog_p92,2023 Final Blueprint,1.0,98749.4,404227.4,,,,
PBA50Plus_FinalBlueprint/PBA50Plus_Final_Blueprint_v65_exog_p92,2023 Final Blueprint,2.0,109761.4,111686.6,,,,
PBA50Plus_FinalBlueprint/PBA50Plus_Final_Blueprint_v65_exog_p92,2023 Final Blueprint,3.0,145624.2,192930.0,,,,
PBA50Plus_FinalBlueprint/PBA50Plus_Final_Blueprint_v65_exog_p92,2023 Final Blueprint,4.0,52757.2,31142.0,,,,
PBA50Plus_FinalBlueprint/PBA50Plus_Final_Blueprint_v65_exog_p92,2023 Final Blueprint,5.0,105090.2,135130.8,,,,
PBA50Plus_FinalBlueprint/PBA50Plus_Final_Blueprint_v65_exog_p92,2023 Final Blueprint,6.0,95151.2,115734.4,,,,
PBA50Plus_FinalBlueprint/PBA50Plus_Final_Blueprint_v65_exog_p92,2023 Final Blueprint,7.0,87633.0,164867.0,,,,
PBA50Plus_FinalBlueprint/PBA50Plus_Final_Blueprint_v65_exog_p92,2023 Final Blueprint,8.0,76723.6,174223.2,,,,
PBA50Plus_FinalBlueprint/PBA50Plus_Final_Blueprint_v65_exog_p92,2023 Final Blueprint,9.0,122765.8,391061.8,,,,
PBA50Plus_FinalBlueprint/PBA50Plus_Final_Blueprint_v65_exog_p92,2023 Final Blueprint,10.0,123834.4,142996.0,,,,
PBA50Plus_FinalBlueprint/PBA50Plus_Final_Blueprint_v65_exog_p92,2023 Final Blueprint,11.0,114347.0,177144.8,,,,
PBA50Plus_FinalBlueprint/PBA50Plus_Final_Blueprint_v65_exog_p92,2023 Final Blueprint,12.0,113303.2,114332.6,,,,
PBA50Plus_FinalBlueprint/PBA50Plus_Final_Blueprint_v65_exog_p92,2023 Final Blueprint,13.0,74419.8,53255.6,,,,
PBA50Plus_FinalBlueprint/PBA50Plus_Final_Blueprint_v65_exog_p92,2023 Final Blueprint,14.0,36818.0,47331.8,,,,
PBA50Plus_FinalBlueprint/PBA50Plus_Final_Blueprint_v65_exog_p92,2023 Final Blueprint,15.0,85892.4,134676.4,,,,
PBA50Plus_FinalBlueprint/PBA50Plus_Final_Blueprint_v65_exog_p92,2023 Final Blueprint,16.0,112605.6,142615.0,,,,
PBA50Plus_FinalBlueprint/PBA50Plus_Final_Blueprint_v65_exog_p92,2023 Final Blueprint,17.0,126618.8,160813.8,,,,
PBA50Plus_FinalBlueprint/PBA50Plus_Final_Blueprint_v65_exog_p92,2023 Final Blueprint,18.0,199187.0,289512.4,,,,
PBA50Plus_FinalBlueprint/PBA50Plus_Final_Blueprint_v65_exog_p92,2023 Final Blueprint,19.0,78965.8,168539.6,,,,
PBA50Plus_FinalBlueprint/PBA50Plus_Final_Blueprint_v65_exog_p92,2023 Final Blueprint,20.0,93809.8,83317.0,,,,
PBA50Plus_FinalBlueprint/PBA50Plus_Final_Blueprint_v65_exog_p92,2023 Final Blueprint,21.0,88651.4,123183.6,,,,
PBA50Plus_FinalBlueprint/PBA50Plus_Final_Blueprint_v65_exog_p92,2023 Final Blueprint,22.0,62575.6,84952.6,,,,
PBA50Plus_FinalBlueprint/PBA50Plus_Final_Blueprint_v65_exog_p92,2023 Final Blueprint,23.0,56926.6,67411.8,,,,
PBA50Plus_FinalBlueprint/PBA50Plus_Final_Blueprint_v65_exog_p92,2023 Final Blueprint,24.0,101159.4,54868.8,,,,
PBA50Plus_FinalBlueprint/PBA50Plus_Final_Blueprint_v65_exog_p92,2023 Final Blueprint,25.0,52536.8,43473.2,,,,
PBA50Plus_FinalBlueprint/PBA50Plus_Final_Blueprint_v65_exog_p92,2023 Final Blueprint,26.0,93530.2,82785.8,,,,
PBA50Plus_FinalBlueprint/PBA50Plus_Final_Blueprint_v65_exog_p92,2023 Final Blueprint,27.0,35222.2,46202.4,,,,
PBA50Plus_FinalBlueprint/PBA50Plus_Final_Blueprint_v65_exog_p92,2023 Final Blueprint,28.0,15654.0,20808.4,,,,
PBA50Plus_FinalBlueprint/PBA50Plus_Final_Blueprint_v65_exog_p92,2023 Final Blueprint,29.0,65877.2,70928.6,,,,
PBA50Plus_FinalBlueprint/PBA50Plus_Final_Blueprint_v65_exog_p92,2023 Final Blueprint,30.0,87324.2,112699.8,,,,
PBA50Plus_FinalBlueprint/PBA50Plus_Final_Blueprint_v65_exog_p92,2023 Final Blueprint,31.0,35728.2,32066.4,,,,
PBA50Plus_FinalBlueprint/PBA50Plus_Final_Blueprint_v65_exog_p92,2023 Final Blueprint,32.0,23012.0,27365.0,,,,
PBA50Plus_FinalBlueprint/PBA50Plus_Final_Blueprint_v65_exog_p92,2023 Final Blueprint,33.0,43716.8,58395.8,,,,
PBA50Plus_FinalBlueprint/PBA50Plus_Final_Blueprint_v65_exog_p92,2023 Final Blueprint,34.0,40923.0,40617.0,,,,
PBA50Plus_FinalBlueprint/PBA50Plus_Final_Blueprint_v65_exog_p92,2050 Final Blueprint,1.0,152173.0,508897.0,53423.600000000006,104669.59999999998,0.057004533593062436,0.07852226636516961
PBA50Plus_FinalBlueprint/PBA50Plus_Final_Blueprint_v65_exog_p92,2050 Final Blueprint,2.0,133176.0,119396.0,23414.600000000006,7709.399999999994,0.02498405858587066,0.005783527980575433
PBA50Plus_FinalBlueprint/PBA50Plus_Final_Blueprint_v65_exog_p92,2050 Final Blueprint,3.0,218895.0,264858.0,73270.79999999999,71928.0,0.07818207271674986,0.05395978942418736
PBA50Plus_FinalBlueprint/PBA50Plus_Final_Blueprint_v65_exog_p92,2050 Final Blueprint,4.0,69900.0,32899.0,17142.800000000003,1757.0,0.01829186573872129,0.0013180868370912188
PBA50Plus_FinalBlueprint/PBA50Plus_Final_Blueprint_v65_exog_p92,2050 Final Blueprint,5.0,165236.0,205365.0,60145.8,70234.20000000001,0.0641773163280201,0.05268911470326243
PBA50Plus_FinalBlueprint/PBA50Plus_Final_Blueprint_v65_exog_p92,2050 Final Blueprint,6.0,115989.0,142883.0,20837.800000000003,27148.600000000006,0.02223453810872941,0.020366654698608235
PBA50Plus_FinalBlueprint/PBA50Plus_Final_Blueprint_v65_exog_p92,2050 Final Blueprint,7.0,113709.0,223241.0,26076.0,58374.0,0.027823849721334688,0.04379169096662652
PBA50Plus_FinalBlueprint/PBA50Plus_Final_Blueprint_v65_exog_p92,2050 Final Blueprint,8.0,102601.0,209228.0,25877.399999999994,35004.79999999999,0.02761193775037836,0.026260310822430667
PBA50Plus_FinalBlueprint/PBA50Plus_Final_Blueprint_v65_exog_p92,2050 Final Blueprint,9.0,223665.0,632119.0,100899.2,241057.2,0.10766237834801706,0.18083911343543846
PBA50Plus_FinalBlueprint/PBA50Plus_Final_Blueprint_v65_exog_p92,2050 Final Blueprint,10.0,158336.0,206060.0,34501.600000000006,63064.0,0.03681420975401139,0.0473100900935234
PBA50Plus_FinalBlueprint/PBA50Plus_Final_Blueprint_v65_exog_p92,2050 Final Blueprint,11.0,166573.0,285180.0,52226.0,108035.20000000001,0.05572665959297536,0.08104711158936669
PBA50Plus_FinalBlueprint/PBA50Plus_Final_Blueprint_v65_exog_p92,2050 Final Blueprint,12.0,156153.0,161023.0,42849.8,46690.399999999994,0.04572198173758426,0.035026751086240086
PBA50Plus_FinalBlueprint/PBA50Plus_Final_Blueprint_v65_exog_p92,2050 Final Blueprint,13.0,88588.0,63297.0,14168.199999999997,10041.400000000001,0.015117881102232476,0.007532975051774483
PBA50Plus_FinalBlueprint/PBA50Plus_Final_Blueprint_v65_exog_p92,2050 Final Blueprint,14.0,44432.0,63781.0,7614.0,16449.199999999997,0.008124359249050557,0.012340053500672096
PBA50Plus_FinalBlueprint/PBA50Plus_Final_Blueprint_v65_exog_p92,2050 Final Blueprint,15.0,122892.0,163042.0,36999.600000000006,28365.600000000006,0.03947964834136735,0.021279638011493844
PBA50Plus_FinalBlueprint/PBA50Plus_Final_Blueprint_v65_exog_p92,2050 Final Blueprint,16.0,160324.0,198960.0,47718.399999999994,56345.0,0.0509169194102829,0.042269551984009515
PBA50Plus_FinalBlueprint/PBA50Plus_Final_Blueprint_v65_exog_p92,2050 Final Blueprint,17.0,166021.0,210088.0,39402.2,49274.20000000001,0.04204329235657208,0.0369650964303928
PBA50Plus_FinalBlueprint/PBA50Plus_Final_Blueprint_v65_exog_p92,2050 Final Blueprint,18.0,277145.0,363410.0,77958.0,73897.59999999998,0.08318345131829305,0.05543736701914173
PBA50Plus_FinalBlueprint/PBA50Plus_Final_Blueprint_v65_exog_p92,2050 Final Blueprint,19.0,118353.0,180151.0,39387.2,11611.399999999994,0.04202728692069925,0.008710776038816715
PBA50Plus_FinalBlueprint/PBA50Plus_Final_Blueprint_v65_exog_p92,2050 Final Blueprint,20.0,116645.0,123130.0,22835.199999999997,39813.0,0.024365821949555982,0.029867382609625893
PBA50Plus_FinalBlueprint/PBA50Plus_Final_Blueprint_v65_exog_p92,2050 Final Blueprint,21.0,115703.0,176404.0,27051.600000000006,53220.399999999994,0.028864843270503822,0.03992550296228201
PBA50Plus_FinalBlueprint/PBA50Plus_Final_Blueprint_v65_exog_p92,2050 Final Blueprint,22.0,72062.0,90210.0,9486.400000000001,5257.399999999994,0.010122264457603522,0.003944057903997362
PBA50Plus_FinalBlueprint/PBA50Plus_Final_Blueprint_v65_exog_p92,2050 Final Blueprint,23.0,60576.0,68115.0,3649.4000000000015,703.1999999999971,0.0038940158449547037,0.0005275348115210821
PBA50Plus_FinalBlueprint/PBA50Plus_Final_Blueprint_v65_exog_p92,2050 Final Blueprint,24.0,122265.0,80445.0,21105.600000000006,25576.199999999997,0.022520288490512408,0.01918705325145841
PBA50Plus_FinalBlueprint/PBA50Plus_Final_Blueprint_v65_exog_p92,2050 Final Blueprint,25.0,55995.0,59959.0,3458.199999999997,16485.800000000003,0.0036899998890289744,0.012367510517312703
PBA50Plus_FinalBlueprint/PBA50Plus_Final_Blueprint_v65_exog_p92,2050 Final Blueprint,26.0,96580.0,117486.0,3049.800000000003,34700.2,0.0032542252216646193,0.02603180242711025
PBA50Plus_FinalBlueprint/PBA50Plus_Final_Blueprint_v65_exog_p92,2050 Final Blueprint,27.0,39557.0,60139.0,4334.800000000003,13936.599999999999,0.004625357561437402,0.01045512180637762
PBA50Plus_FinalBlueprint/PBA50Plus_Final_Blueprint_v65_exog_p92,2050 Final Blueprint,28.0,16420.0,19916.0,766.0,-892.4000000000015,0.0008173442585727248,-0.0006694710833353476
PBA50Plus_FinalBlueprint/PBA50Plus_Final_Blueprint_v65_exog_p92,2050 Final Blueprint,29.0,72894.0,91073.0,7016.800000000003,20144.399999999994,0.007487129495500127,0.015112161912976858
PBA50Plus_FinalBlueprint/PBA50Plus_Final_Blueprint_v65_exog_p92,2050 Final Blueprint,30.0,100493.0,144283.0,13168.800000000003,31583.199999999997,0.014051492261478461,0.023693454862390086
PBA50Plus_FinalBlueprint/PBA50Plus_Final_Blueprint_v65_exog_p92,2050 Final Blueprint,31.0,38812.0,44556.0,3083.800000000003,12489.599999999999,0.003290504209643043,0.009369594399848882
PBA50Plus_FinalBlueprint/PBA50Plus_Final_Blueprint_v65_exog_p92,2050 Final Blueprint,32.0,30889.0,26271.0,7877.0,-1094.0,0.008404987891354247,-0.0008207097323721078
PBA50Plus_FinalBlueprint/PBA50Plus_Final_Blueprint_v65_exog_p92,2050 Final Blueprint,33.0,54417.0,56747.0,10700.199999999997,-1648.800000000003,0.011417424328433247,-0.0012369160939078004
PBA50Plus_FinalBlueprint/PBA50Plus_Final_Blueprint_v65_exog_p92,2050 Final Blueprint,34.0,46608.0,41678.0,5685.0,1061.0,0.006066060195804099,0.000795953405892876
PBA50Plus_FinalBlueprint/PBA50Plus_Final_Blueprint_v69,2023 Final Blueprint,1.0,98749.4,404227.4,,,,
PBA50Plus_FinalBlueprint/PBA50Plus_Final_Blueprint_v69,2023 Final Blueprint,2.0,109761.4,111686.6,,,,
PBA50Plus_FinalBlueprint/PBA50Plus_Final_Blueprint_v69,2023 Final Blueprint,3.0,145624.2,192930.0,,,,
PBA50Plus_FinalBlueprint/PBA50Plus_Final_Blueprint_v69,2023 Final Blueprint,4.0,52757.2,31142.0,,,,
PBA50Plus_FinalBlueprint/PBA50Plus_Final_Blueprint_v69,2023 Final Blueprint,5.0,105090.2,135130.8,,,,
PBA50Plus_FinalBlueprint/PBA50Plus_Final_Blueprint_v69,2023 Final Blueprint,6.0,95151.2,115734.4,,,,
PBA50Plus_FinalBlueprint/PBA50Plus_Final_Blueprint_v69,2023 Final Blueprint,7.0,87633.0,164867.0,,,,
PBA50Plus_FinalBlueprint/PBA50Plus_Final_Blueprint_v69,2023 Final Blueprint,8.0,76723.6,174223.2,,,,
PBA50Plus_FinalBlueprint/PBA50Plus_Final_Blueprint_v69,2023 Final Blueprint,9.0,122765.8,391061.8,,,,
PBA50Plus_FinalBlueprint/PBA50Plus_Final_Blueprint_v69,2023 Final Blueprint,10.0,123834.4,142996.0,,,,
PBA50Plus_FinalBlueprint/PBA50Plus_Final_Blueprint_v69,2023 Final Blueprint,11.0,114347.0,177144.8,,,,
PBA50Plus_FinalBlueprint/PBA50Plus_Final_Blueprint_v69,2023 Final Blueprint,12.0,113303.2,114332.6,,,,
PBA50Plus_FinalBlueprint/PBA50Plus_Final_Blueprint_v69,2023 Final Blueprint,13.0,74419.8,53255.6,,,,
PBA50Plus_FinalBlueprint/PBA50Plus_Final_Blueprint_v69,2023 Final Blueprint,14.0,36818.0,47331.8,,,,
PBA50Plus_FinalBlueprint/PBA50Plus_Final_Blueprint_v69,2023 Final Blueprint,15.0,85892.4,134676.4,,,,
PBA50Plus_FinalBlueprint/PBA50Plus_Final_Blueprint_v69,2023 Final Blueprint,16.0,112605.6,142615.0,,,,
PBA50Plus_FinalBlueprint/PBA50Plus_Final_Blueprint_v69,2023 Final Blueprint,17.0,126618.8,160813.8,,,,
PBA50Plus_FinalBlueprint/PBA50Plus_Final_Blueprint_v69,2023 Final Blueprint,18.0,199187.0,289512.4,,,,
PBA50Plus_FinalBlueprint/PBA50Plus_Final_Blueprint_v69,2023 Final Blueprint,19.0,78965.8,168539.6,,,,
PBA50Plus_FinalBlueprint/PBA50Plus_Final_Blueprint_v69,2023 Final Blueprint,20.0,93809.8,83317.0,,,,
PBA50Plus_FinalBlueprint/PBA50Plus_Final_Blueprint_v69,2023 Final Blueprint,21.0,88651.4,123183.6,,,,
PBA50Plus_FinalBlueprint/PBA50Plus_Final_Blueprint_v69,2023 Final Blueprint,22.0,62575.6,84952.6,,,,
PBA50Plus_FinalBlueprint/PBA50Plus_Final_Blueprint_v69,2023 Final Blueprint,23.0,56926.6,67411.8,,,,
PBA50Plus_FinalBlueprint/PBA50Plus_Final_Blueprint_v69,2023 Final Blueprint,24.0,101159.4,54868.8,,,,
PBA50Plus_FinalBlueprint/PBA50Plus_Final_Blueprint_v69,2023 Final Blueprint,25.0,52536.8,43473.2,,,,
PBA50Plus_FinalBlueprint/PBA50Plus_Final_Blueprint_v69,2023 Final Blueprint,26.0,93530.2,82785.8,,,,
PBA50Plus_FinalBlueprint/PBA50Plus_Final_Blueprint_v69,2023 Final Blueprint,27.0,35222.2,46202.4,,,,
PBA50Plus_FinalBlueprint/PBA50Plus_Final_Blueprint_v69,2023 Final Blueprint,28.0,15654.0,20808.4,,,,
PBA50Plus_FinalBlueprint/PBA50Plus_Final_Blueprint_v69,2023 Final Blueprint,29.0,65877.2,70928.6,,,,
PBA50Plus_FinalBlueprint/PBA50Plus_Final_Blueprint_v69,2023 Final Blueprint,30.0,87324.2,112699.8,,,,
PBA50Plus_FinalBlueprint/PBA50Plus_Final_Blueprint_v69,2023 Final Blueprint,31.0,35728.2,32066.4,,,,
PBA50Plus_FinalBlueprint/PBA50Plus_Final_Blueprint_v69,2023 Final Blueprint,32.0,23012.0,27365.0,,,,
PBA50Plus_FinalBlueprint/PBA50Plus_Final_Blueprint_v69,2023 Final Blueprint,33.0,43716.8,58395.8,,,,
PBA50Plus_FinalBlueprint/PBA50Plus_Final_Blueprint_v69,2023 Final Blueprint,34.0,40923.0,40617.0,,,,
PBA50Plus_FinalBlueprint/PBA50Plus_Final_Blueprint_v69,2050 Final Blueprint,1.0,122709.0,562358.0,23959.600000000006,158130.59999999998,0.02556648966876758,0.11863440635307229
PBA50Plus_FinalBlueprint/PBA50Plus_Final_Blueprint_v69,2050 Final Blueprint,2.0,120174.0,137325.0,10412.600000000006,25638.399999999994,0.011110938009190864,0.019234710826637025
PBA50Plus_FinalBlueprint/PBA50Plus_Final_Blueprint_v69,2050 Final Blueprint,3.0,204036.0,286414.0,58411.79999999999,93484.0,0.06232928267726162,0.07013455234793653
PBA50Plus_FinalBlueprint/PBA50Plus_Final_Blueprint_v69,2050 Final Blueprint,4.0,64117.0,37433.0,11359.800000000003,6291.0,0.012121663522732683,0.004719700363921834
PBA50Plus_FinalBlueprint/PBA50Plus_Final_Blueprint_v69,2050 Final Blueprint,5.0,166261.0,210688.0,61170.8,75557.20000000001,0.06527331951410907,0.05668531939865122
PBA50Plus_FinalBlueprint/PBA50Plus_Final_Blueprint_v69,2050 Final Blueprint,6.0,108711.0,155002.0,13559.800000000003,39267.600000000006,0.014469210112462423,0.029459752982091404
PBA50Plus_FinalBlueprint/PBA50Plus_Final_Blueprint_v69,2050 Final Blueprint,7.0,111911.0,232549.0,24278.0,67682.0,0.02590624368429937,0.050777103803998976
PBA50Plus_FinalBlueprint/PBA50Plus_Final_Blueprint_v69,2050 Final Blueprint,8.0,112117.0,213744.0,35393.399999999994,39520.79999999999,0.0377671161222457,0.029649711356299787
PBA50Plus_FinalBlueprint/PBA50Plus_Final_Blueprint_v69,2050 Final Blueprint,9.0,240699.0,611110.0,117933.2,220048.2,0.12584258248905242,0.16508688119859236
PBA50Plus_FinalBlueprint/PBA50Plus_Final_Blueprint_v69,2050 Final Blueprint,10.0,161427.0,192124.0,37592.600000000006,49128.0,0.0401138090586701,0.03685732625635858
PBA50Plus_FinalBlueprint/PBA50Plus_Final_Blueprint_v69,2050 Final Blueprint,11.0,202240.0,265366.0,87893.0,88221.20000000001,0.09378768745959817,0.06618623903125433
PBA50Plus_FinalBlueprint/PBA50Plus_Final_Blueprint_v69,2050 Final Blueprint,12.0,165233.0,144860.0,51929.8,30527.399999999994,0.05541255677061247,0.022902587965281728
PBA50Plus_FinalBlueprint/PBA50Plus_Final_Blueprint_v69,2050 Final Blueprint,13.0,83553.0,59542.0,9133.199999999997,6286.4000000000015,0.009745732960599841,0.00471624930341094
PBA50Plus_FinalBlueprint/PBA50Plus_Final_Blueprint_v69,2050 Final Blueprint,14.0,41108.0,55876.0,4290.0,8544.199999999997,0.004577715849972992,0.006410119829823703
PBA50Plus_FinalBlueprint/PBA50Plus_Final_Blueprint_v69,2050 Final Blueprint,15.0,142244.0,151355.0,56351.600000000006,16678.600000000006,0.06013091200264291,0.012512795181959422
PBA50Plus_FinalBlueprint/PBA50Plus_Final_Blueprint_v69,2050 Final Blueprint,16.0,163405.0,179536.0,50799.399999999994,36921.0,0.05420634465014405,0.027699261983207442
PBA50Plus_FinalBlueprint/PBA50Plus_Final_Blueprint_v69,2050 Final Blueprint,17.0,162452.0,196266.0,35833.2,35452.20000000001,0.03823641202686531,0.026597323357467763
PBA50Plus_FinalBlueprint/PBA50Plus_Final_Blueprint_v69,2050 Final Blueprint,18.0,257740.0,400993.0,58553.0,111480.59999999998,0.06247995248565702,0.08363615138932193
PBA50Plus_FinalBlueprint/PBA50Plus_Final_Blueprint_v69,2050 Final Blueprint,19.0,104981.0,208192.0,26015.199999999997,39652.399999999994,0.027759951836880507,0.02974844169613322
PBA50Plus_FinalBlueprint/PBA50Plus_Final_Blueprint_v69,2050 Final Blueprint,20.0,134189.0,117827.0,40379.2,34510.0,0.043087296934552315,0.025890456137170954
PBA50Plus_FinalBlueprint/PBA50Plus_Final_Blueprint_v69,2050 Final Blueprint,21.0,113041.0,171369.0,24389.600000000006,48185.399999999994,0.026025328320396578,0.03615015894384344
PBA50Plus_FinalBlueprint/PBA50Plus_Final_Blueprint_v69,2050 Final Blueprint,22.0,73985.0,102966.0,11409.400000000001,18013.399999999994,0.01217459002766477,0.01351420291455564
PBA50Plus_FinalBlueprint/PBA50Plus_Final_Blueprint_v69,2050 Final Blueprint,23.0,64253.0,73014.0,7326.4000000000015,5602.199999999997,0.007817756970452712,0.0042029415639425974
PBA50Plus_FinalBlueprint/PBA50Plus_Final_Blueprint_v69,2050 Final Blueprint,24.0,127947.0,68445.0,26787.600000000006,13576.199999999997,0.028584154103201993,0.010185279936524494
PBA50Plus_FinalBlueprint/PBA50Plus_Final_Blueprint_v69,2050 Final Blueprint,25.0,56125.0,49470.0,3588.199999999997,5996.800000000003,0.003828848487849202,0.004498982537333726
PBA50Plus_FinalBlueprint/PBA50Plus_Final_Blueprint_v69,2050 Final Blueprint,26.0,96980.0,93914.0,3449.800000000003,11128.199999999997,0.003681166466022574,0.008348715560291676
PBA50Plus_FinalBlueprint/PBA50Plus_Final_Blueprint_v69,2050 Final Blueprint,27.0,38827.0,51470.0,3604.800000000003,5267.5999999999985,0.0038465617939353507,0.00395191442330228
PBA50Plus_FinalBlueprint/PBA50Plus_Final_Blueprint_v69,2050 Final Blueprint,28.0,16390.0,19395.0,736.0,-1413.4000000000015,0.0007853610409277674,-0.0010603758534997816
PBA50Plus_FinalBlueprint/PBA50Plus_Final_Blueprint_v69,2050 Final Blueprint,29.0,72541.0,81352.0,6663.800000000003,10423.399999999994,0.0071107186202913845,0.007819953071578893
PBA50Plus_FinalBlueprint/PBA50Plus_Final_Blueprint_v69,2050 Final Blueprint,30.0,103192.0,126267.0,15867.800000000003,13567.199999999997,0.01693199989841526,0.010178527861611872
PBA50Plus_FinalBlueprint/PBA50Plus_Final_Blueprint_v69,2050 Final Blueprint,31.0,41495.0,39019.0,5766.800000000003,6952.5999999999985,0.006153559851660668,0.005216052893054035
PBA50Plus_FinalBlueprint/PBA50Plus_Final_Blueprint_v69,2050 Final Blueprint,32.0,25712.0,28782.0,2700.0,1417.0,0.0028810799055774077,0.0010630766834648288
PBA50Plus_FinalBlueprint/PBA50Plus_Final_Blueprint_v69,2050 Final Blueprint,33.0,47957.0,65237.0,4240.199999999997,6841.199999999997,0.004524575931714561,0.005132477210246707
PBA50Plus_FinalBlueprint/PBA50Plus_Final_Blueprint_v69,2050 Final Blueprint,34.0,46292.0,44961.0,5369.0,4344.0,0.005729080745572259,0.003259001491158233
PBA50Plus_FinalBlueprint/PBA50Plus_Final_Blueprint_v69_no_ubi,2023 Final Blueprint,1.0,98749.4,404227.4,,,,
PBA50Plus_FinalBlueprint/PBA50Plus_Final_Blueprint_v69_no_ubi,2023 Final Blueprint,2.0,109761.4,111686.6,,,,
PBA50Plus_FinalBlueprint/PBA50Plus_Final_Blueprint_v69_no_ubi,2023 Final Blueprint,3.0,145624.2,192930.0,,,,
PBA50Plus_FinalBlueprint/PBA50Plus_Final_Blueprint_v69_no_ubi,2023 Final Blueprint,4.0,52757.2,31142.0,,,,
PBA50Plus_FinalBlueprint/PBA50Plus_Final_Blueprint_v69_no_ubi,2023 Final Blueprint,5.0,105090.2,135130.8,,,,
PBA50Plus_FinalBlueprint/PBA50Plus_Final_Blueprint_v69_no_ubi,2023 Final Blueprint,6.0,95151.2,115734.4,,,,
PBA50Plus_FinalBlueprint/PBA50Plus_Final_Blueprint_v69_no_ubi,2023 Final Blueprint,7.0,87633.0,164867.0,,,,
PBA50Plus_FinalBlueprint/PBA50Plus_Final_Blueprint_v69_no_ubi,2023 Final Blueprint,8.0,76723.6,174223.2,,,,
PBA50Plus_FinalBlueprint/PBA50Plus_Final_Blueprint_v69_no_ubi,2023 Final Blueprint,9.0,122765.8,391061.8,,,,
PBA50Plus_FinalBlueprint/PBA50Plus_Final_Blueprint_v69_no_ubi,2023 Final Blueprint,10.0,123834.4,142996.0,,,,
PBA50Plus_FinalBlueprint/PBA50Plus_Final_Blueprint_v69_no_ubi,2023 Final Blueprint,11.0,114347.0,177144.8,,,,
PBA50Plus_FinalBlueprint/PBA50Plus_Final_Blueprint_v69_no_ubi,2023 Final Blueprint,12.0,113303.2,114332.6,,,,
PBA50Plus_FinalBlueprint/PBA50Plus_Final_Blueprint_v69_no_ubi,2023 Final Blueprint,13.0,74419.8,53255.6,,,,
PBA50Plus_FinalBlueprint/PBA50Plus_Final_Blueprint_v69_no_ubi,2023 Final Blueprint,14.0,36818.0,47331.8,,,,
PBA50Plus_FinalBlueprint/PBA50Plus_Final_Blueprint_v69_no_ubi,2023 Final Blueprint,15.0,85892.4,134676.4,,,,
PBA50Plus_FinalBlueprint/PBA50Plus_Final_Blueprint_v69_no_ubi,2023 Final Blueprint,16.0,112605.6,142615.0,,,,
PBA50Plus_FinalBlueprint/PBA50Plus_Final_Blueprint_v69_no_ubi,2023 Final Blueprint,17.0,126618.8,160813.8,,,,
PBA50Plus_FinalBlueprint/PBA50Plus_Final_Blueprint_v69_no_ubi,2023 Final Blueprint,18.0,199187.0,289512.4,,,,
PBA50Plus_FinalBlueprint/PBA50Plus_Final_Blueprint_v69_no_ubi,2023 Final Blueprint,19.0,78965.8,168539.6,,,,
PBA50Plus_FinalBlueprint/PBA50Plus_Final_Blueprint_v69_no_ubi,2023 Final Blueprint,20.0,93809.8,83317.0,,,,
PBA50Plus_FinalBlueprint/PBA50Plus_Final_Blueprint_v69_no_ubi,2023 Final Blueprint,21.0,88651.4,123183.6,,,,
PBA50Plus_FinalBlueprint/PBA50Plus_Final_Blueprint_v69_no_ubi,2023 Final Blueprint,22.0,62575.6,84952.6,,,,
PBA50Plus_FinalBlueprint/PBA50Plus_Final_Blueprint_v69_no_ubi,2023 Final Blueprint,23.0,56926.6,67411.8,,,,
PBA50Plus_FinalBlueprint/PBA50Plus_Final_Blueprint_v69_no_ubi,2023 Final Blueprint,24.0,101159.4,54868.8,,,,
PBA50Plus_FinalBlueprint/PBA50Plus_Final_Blueprint_v69_no_ubi,2023 Final Blueprint,25.0,52536.8,43473.2,,,,
PBA50Plus_FinalBlueprint/PBA50Plus_Final_Blueprint_v69_no_ubi,2023 Final Blueprint,26.0,93530.2,82785.8,,,,
PBA50Plus_FinalBlueprint/PBA50Plus_Final_Blueprint_v69_no_ubi,2023 Final Blueprint,27.0,35222.2,46202.4,,,,
PBA50Plus_FinalBlueprint/PBA50Plus_Final_Blueprint_v69_no_ubi,2023 Final Blueprint,28.0,15654.0,20808.4,,,,
PBA50Plus_FinalBlueprint/PBA50Plus_Final_Blueprint_v69_no_ubi,2023 Final Blueprint,29.0,65877.2,70928.6,,,,
PBA50Plus_FinalBlueprint/PBA50Plus_Final_Blueprint_v69_no_ubi,2023 Final Blueprint,30.0,87324.2,112699.8,,,,
PBA50Plus_FinalBlueprint/PBA50Plus_Final_Blueprint_v69_no_ubi,2023 Final Blueprint,31.0,35728.2,32066.4,,,,
PBA50Plus_FinalBlueprint/PBA50Plus_Final_Blueprint_v69_no_ubi,2023 Final Blueprint,32.0,23012.0,27365.0,,,,
PBA50Plus_FinalBlueprint/PBA50Plus_Final_Blueprint_v69_no_ubi,2023 Final Blueprint,33.0,43716.8,58395.8,,,,
PBA50Plus_FinalBlueprint/PBA50Plus_Final_Blueprint_v69_no_ubi,2023 Final Blueprint,34.0,40923.0,40617.0,,,,
PBA50Plus_FinalBlueprint/PBA50Plus_Final_Blueprint_v69_no_ubi,2050 Final Blueprint,1.0,123881.0,561840.0,25131.600000000006,157612.59999999998,0.0268170345299891,0.11824552079611884
PBA50Plus_FinalBlueprint/PBA50Plus_Final_Blueprint_v69_no_ubi,2050 Final Blueprint,2.0,120095.0,137755.0,10333.600000000006,26068.399999999994,0.01102661621301849,0.019557265943976207
PBA50Plus_FinalBlueprint/PBA50Plus_Final_Blueprint_v69_no_ubi,2050 Final Blueprint,3.0,202616.0,289739.0,56991.79999999999,96809.0,0.06081391827524838,0.0726289054476068
PBA50Plus_FinalBlueprint/PBA50Plus_Final_Blueprint_v69_no_ubi,2050 Final Blueprint,4.0,67733.0,36276.0,14975.800000000003,5134.0,0.015980142359189656,0.003851674953444549
PBA50Plus_FinalBlueprint/PBA50Plus_Final_Blueprint_v69_no_ubi,2050 Final Blueprint,5.0,173966.0,214618.0,68875.8,79487.20000000001,0.07349491106338725,0.05963359122700381
PBA50Plus_FinalBlueprint/PBA50Plus_Final_Blueprint_v69_no_ubi,2050 Final Blueprint,6.0,111303.0,154026.0,16151.800000000003,38291.600000000006,0.017235010040008512,0.02872746331268354
PBA50Plus_FinalBlueprint/PBA50Plus_Final_Blueprint_v69_no_ubi,2050 Final Blueprint,7.0,109276.0,235474.0,21643.0,70607.0,0.023094473823097372,0.05297140892829358
PBA50Plus_FinalBlueprint/PBA50Plus_Final_Blueprint_v69_no_ubi,2050 Final Blueprint,8.0,111889.0,213227.0,35165.399999999994,39003.79999999999,0.03752374484954712,0.029261776304861792
PBA50Plus_FinalBlueprint/PBA50Plus_Final_Blueprint_v69_no_ubi,2050 Final Blueprint,9.0,237931.0,611543.0,115165.2,220481.2,0.12288867979170048,0.16541135873498214
PBA50Plus_FinalBlueprint/PBA50Plus_Final_Blueprint_v69_no_ubi,2050 Final Blueprint,10.0,157243.0,193583.0,33408.600000000006,50587.0,0.0356491261916708,0.037951827204888856
PBA50Plus_FinalBlueprint/PBA50Plus_Final_Blueprint_v69_no_ubi,2050 Final Blueprint,11.0,207298.0,265831.0,92951.0,88686.20000000001,0.09918469880934824,0.06653494648542539
PBA50Plus_FinalBlueprint/PBA50Plus_Final_Blueprint_v69_no_ubi,2050 Final Blueprint,12.0,164974.0,140066.0,51670.8,25733.399999999994,0.055136068845284845,0.019305939276776377
PBA50Plus_FinalBlueprint/PBA50Plus_Final_Blueprint_v69_no_ubi,2050 Final Blueprint,13.0,89566.0,59810.0,15146.199999999997,6554.4000000000015,0.016161970125185852,0.004917300022371826
PBA50Plus_FinalBlueprint/PBA50Plus_Final_Blueprint_v69_no_ubi,2050 Final Blueprint,14.0,40937.0,55933.0,4119.0,8601.199999999997,0.0043952380759293115,0.006452868447519915
PBA50Plus_FinalBlueprint/PBA50Plus_Final_Blueprint_v69_no_ubi,2050 Final Blueprint,15.0,134789.0,150208.0,48896.600000000006,15531.600000000006,0.05217581891320349,0.011652254520241405
PBA50Plus_FinalBlueprint/PBA50Plus_Final_Blueprint_v69_no_ubi,2050 Final Blueprint,16.0,167276.0,180071.0,54670.399999999994,37456.0,0.05833683508285647,0.02810057207951286
PBA50Plus_FinalBlueprint/PBA50Plus_Final_Blueprint_v69_no_ubi,2050 Final Blueprint,17.0,161750.0,196121.0,35131.2,35307.20000000001,0.03748725124862535,0.02648848031091886
PBA50Plus_FinalBlueprint/PBA50Plus_Final_Blueprint_v69_no_ubi,2050 Final Blueprint,18.0,258889.0,396292.0,59702.0,106779.59999999998,0.06370587608864572,0.08010913729233102
PBA50Plus_FinalBlueprint/PBA50Plus_Final_Blueprint_v69_no_ubi,2050 Final Blueprint,19.0,99117.0,208693.0,20151.199999999997,40153.399999999994,0.021502627219147055,0.030124239399228734
PBA50Plus_FinalBlueprint/PBA50Plus_Final_Blueprint_v69_no_ubi,2050 Final Blueprint,20.0,130933.0,117904.0,37123.2,34587.0,0.039612843442665455,0.02594816548788208
PBA50Plus_FinalBlueprint/PBA50Plus_Final_Blueprint_v69_no_ubi,2050 Final Blueprint,21.0,112808.0,171532.0,24156.600000000006,48348.399999999994,0.025776646784412244,0.03627236488490814
PBA50Plus_FinalBlueprint/PBA50Plus_Final_Blueprint_v69_no_ubi,2050 Final Blueprint,22.0,76799.0,102688.0,14223.400000000001,17735.399999999994,0.015177283138910652,0.013305608875987618
PBA50Plus_FinalBlueprint/PBA50Plus_Final_Blueprint_v69_no_ubi,2050 Final Blueprint,23.0,64013.0,71945.0,7086.4000000000015,4533.199999999997,0.00756164484128805,0.003400937455970942
PBA50Plus_FinalBlueprint/PBA50Plus_Final_Blueprint_v69_no_ubi,2050 Final Blueprint,24.0,123316.0,68704.0,22156.600000000006,13835.199999999997,0.023642518075536637,0.010379566286695755
PBA50Plus_FinalBlueprint/PBA50Plus_Final_Blueprint_v69_no_ubi,2050 Final Blueprint,25.0,55861.0,49102.0,3324.199999999997,5628.800000000003,0.0035471353270221423,0.004222888192042985
PBA50Plus_FinalBlueprint/PBA50Plus_Final_Blueprint_v69_no_ubi,2050 Final Blueprint,26.0,98987.0,94420.0,5456.800000000003,11634.199999999997,0.005822756769296208,0.00872831257175001
PBA50Plus_FinalBlueprint/PBA50Plus_Final_Blueprint_v69_no_ubi,2050 Final Blueprint,27.0,39421.0,51447.0,4198.800000000003,5244.5999999999985,0.004480389811413451,0.003934650265063357
PBA50Plus_FinalBlueprint/PBA50Plus_Final_Blueprint_v69_no_ubi,2050 Final Blueprint,28.0,16268.0,19481.0,614.0,-1327.4000000000015,0.0006551775136248111,-0.0009958537851971756
PBA50Plus_FinalBlueprint/PBA50Plus_Final_Blueprint_v69_no_ubi,2050 Final Blueprint,29.0,72341.0,81561.0,6463.800000000003,10632.399999999994,0.006897290574215075,0.007976733302493922
PBA50Plus_FinalBlueprint/PBA50Plus_Final_Blueprint_v69_no_ubi,2050 Final Blueprint,30.0,100661.0,126945.0,13336.800000000003,14245.199999999997,0.014231223882266096,0.010687160118194055
PBA50Plus_FinalBlueprint/PBA50Plus_Final_Blueprint_v69_no_ubi,2050 Final Blueprint,31.0,39728.0,39387.0,3999.800000000003,7320.5999999999985,0.004268044004880328,0.005492125372844986
PBA50Plus_FinalBlueprint/PBA50Plus_Final_Blueprint_v69_no_ubi,2050 Final Blueprint,32.0,28409.0,27220.0,5397.0,-145.0,0.005758946320900823,-0.0001087831843103739
PBA50Plus_FinalBlueprint/PBA50Plus_Final_Blueprint_v69_no_ubi,2050 Final Blueprint,33.0,48809.0,65421.0,5092.199999999997,7025.199999999997,0.005433705105668178,0.005270507768394747
PBA50Plus_FinalBlueprint/PBA50Plus_Final_Blueprint_v69_no_ubi,2050 Final Blueprint,34.0,45163.0,45361.0,4240.0,4744.0,0.004524352862816285,0.0035590856990925087
PBA50Plus_FinalBlueprint/PBA50Plus_Final_Blueprint_v65,2023 EIR Alt1,1.0,98749.4,404227.4,,,,
PBA50Plus_FinalBlueprint/PBA50Plus_Final_Blueprint_v65,2023 EIR Alt1,2.0,109761.4,111686.6,,,,
PBA50Plus_FinalBlueprint/PBA50Plus_Final_Blueprint_v65,2023 EIR Alt1,3.0,145624.2,192930.0,,,,
PBA50Plus_FinalBlueprint/PBA50Plus_Final_Blueprint_v65,2023 EIR Alt1,4.0,52757.2,31142.0,,,,
PBA50Plus_FinalBlueprint/PBA50Plus_Final_Blueprint_v65,2023 EIR Alt1,5.0,105090.2,135130.8,,,,
PBA50Plus_FinalBlueprint/PBA50Plus_Final_Blueprint_v65,2023 EIR Alt1,6.0,95151.2,115734.4,,,,
PBA50Plus_FinalBlueprint/PBA50Plus_Final_Blueprint_v65,2023 EIR Alt1,7.0,87633.0,164867.0,,,,
PBA50Plus_FinalBlueprint/PBA50Plus_Final_Blueprint_v65,2023 EIR Alt1,8.0,76723.6,174223.2,,,,
PBA50Plus_FinalBlueprint/PBA50Plus_Final_Blueprint_v65,2023 EIR Alt1,9.0,122765.8,391061.8,,,,
PBA50Plus_FinalBlueprint/PBA50Plus_Final_Blueprint_v65,2023 EIR Alt1,10.0,123834.4,142996.0,,,,
PBA50Plus_FinalBlueprint/PBA50Plus_Final_Blueprint_v65,2023 EIR Alt1,11.0,114347.0,177144.8,,,,
PBA50Plus_FinalBlueprint/PBA50Plus_Final_Blueprint_v65,2023 EIR Alt1,12.0,113303.2,114332.6,,,,
PBA50Plus_FinalBlueprint/PBA50Plus_Final_Blueprint_v65,2023 EIR Alt1,13.0,74419.8,53255.6,,,,
PBA50Plus_FinalBlueprint/PBA50Plus_Final_Blueprint_v65,2023 EIR Alt1,14.0,36818.0,47331.8,,,,
PBA50Plus_FinalBlueprint/PBA50Plus_Final_Blueprint_v65,2023 EIR Alt1,15.0,85892.4,134676.4,,,,
PBA50Plus_FinalBlueprint/PBA50Plus_Final_Blueprint_v65,2023 EIR Alt1,16.0,112605.6,142615.0,,,,
PBA50Plus_FinalBlueprint/PBA50Plus_Final_Blueprint_v65,2023 EIR Alt1,17.0,126618.8,160813.8,,,,
PBA50Plus_FinalBlueprint/PBA50Plus_Final_Blueprint_v65,2023 EIR Alt1,18.0,199187.0,289512.4,,,,
PBA50Plus_FinalBlueprint/PBA50Plus_Final_Blueprint_v65,2023 EIR Alt1,19.0,78965.8,168539.6,,,,
PBA50Plus_FinalBlueprint/PBA50Plus_Final_Blueprint_v65,2023 EIR Alt1,20.0,93809.8,83317.0,,,,
PBA50Plus_FinalBlueprint/PBA50Plus_Final_Blueprint_v65,2023 EIR Alt1,21.0,88651.4,123183.6,,,,
PBA50Plus_FinalBlueprint/PBA50Plus_Final_Blueprint_v65,2023 EIR Alt1,22.0,62575.6,84952.6,,,,
PBA50Plus_FinalBlueprint/PBA50Plus_Final_Blueprint_v65,2023 EIR Alt1,23.0,56926.6,67411.8,,,,
PBA50Plus_FinalBlueprint/PBA50Plus_Final_Blueprint_v65,2023 EIR Alt1,24.0,101159.4,54868.8,,,,
PBA50Plus_FinalBlueprint/PBA50Plus_Final_Blueprint_v65,2023 EIR Alt1,25.0,52536.8,43473.2,,,,
PBA50Plus_FinalBlueprint/PBA50Plus_Final_Blueprint_v65,2023 EIR Alt1,26.0,93530.2,82785.8,,,,
PBA50Plus_FinalBlueprint/PBA50Plus_Final_Blueprint_v65,2023 EIR Alt1,27.0,35222.2,46202.4,,,,
PBA50Plus_FinalBlueprint/PBA50Plus_Final_Blueprint_v65,2023 EIR Alt1,28.0,15654.0,20808.4,,,,
PBA50Plus_FinalBlueprint/PBA50Plus_Final_Blueprint_v65,2023 EIR Alt1,29.0,65877.2,70928.6,,,,
PBA50Plus_FinalBlueprint/PBA50Plus_Final_Blueprint_v65,2023 EIR Alt1,30.0,87324.2,112699.8,,,,
PBA50Plus_FinalBlueprint/PBA50Plus_Final_Blueprint_v65,2023 EIR Alt1,31.0,35728.2,32066.4,,,,
PBA50Plus_FinalBlueprint/PBA50Plus_Final_Blueprint_v65,2023 EIR Alt1,32.0,23012.0,27365.0,,,,
PBA50Plus_FinalBlueprint/PBA50Plus_Final_Blueprint_v65,2023 EIR Alt1,33.0,43716.8,58395.8,,,,
PBA50Plus_FinalBlueprint/PBA50Plus_Final_Blueprint_v65,2023 EIR Alt1,34.0,40923.0,40617.0,,,,
PBA50Plus_FinalBlueprint/PBA50Plus_Final_Blueprint_v65,2050 EIR Alt1,1.0,152339.0,530022.0,53589.600000000006,125794.59999999998,0.057182575648769385,0.094376863141522
PBA50Plus_FinalBlueprint/PBA50Plus_Final_Blueprint_v65,2050 EIR Alt1,2.0,133501.0,121874.0,23739.600000000006,10187.399999999994,0.02533124846745499,0.007643053482168081
PBA50Plus_FinalBlueprint/PBA50Plus_Final_Blueprint_v65,2050 EIR Alt1,3.0,226389.0,273291.0,80764.79999999999,80361.0,0.08617976782356518,0.060290498152669916
PBA50Plus_FinalBlueprint/PBA50Plus_Final_Blueprint_v65,2050 EIR Alt1,4.0,66398.0,34323.0,13640.800000000003,3181.0,0.01455536294187181,0.0023865317084611065
PBA50Plus_FinalBlueprint/PBA50Plus_Final_Blueprint_v65,2050 EIR Alt1,5.0,166656.0,214925.0,61565.8,79794.20000000001,0.06569354904453488,0.05986525886554142
PBA50Plus_FinalBlueprint/PBA50Plus_Final_Blueprint_v65,2050 EIR Alt1,6.0,114904.0,146431.0,19752.800000000003,30696.600000000006,0.021077148929549986,0.023029993474362534
PBA50Plus_FinalBlueprint/PBA50Plus_Final_Blueprint_v65,2050 EIR Alt1,7.0,112721.0,231478.0,25088.0,66611.0,0.02677005347821828,0.049974619186514545
PBA50Plus_FinalBlueprint/PBA50Plus_Final_Blueprint_v65,2050 EIR Alt1,8.0,102676.0,217279.0,25952.399999999994,43055.79999999999,0.02769240815880548,0.03230243066116306
PBA50Plus_FinalBlueprint/PBA50Plus_Final_Blueprint_v65,2050 EIR Alt1,9.0,215342.0,639634.0,92576.2,248572.2,0.0987830765629078,0.1864902348764338
PBA50Plus_FinalBlueprint/PBA50Plus_Final_Blueprint_v65,2050 EIR Alt1,10.0,151767.0,205035.0,27932.600000000006,62039.0,0.029805372918753188,0.046544495649550016
PBA50Plus_FinalBlueprint/PBA50Plus_Final_Blueprint_v65,2050 EIR Alt1,11.0,175350.0,282922.0,61003.0,105777.20000000001,0.06509301547878467,0.0793588940057316
PBA50Plus_FinalBlueprint/PBA50Plus_Final_Blueprint_v65,2050 EIR Alt1,12.0,157951.0,153634.0,44647.8,39301.399999999994,0.04764126250337987,0.029485708043669703
PBA50Plus_FinalBlueprint/PBA50Plus_Final_Blueprint_v65,2050 EIR Alt1,13.0,87425.0,62614.0,13005.199999999997,9358.400000000001,0.013877148417367835,0.007021099761226792
PBA50Plus_FinalBlueprint/PBA50Plus_Final_Blueprint_v65,2050 EIR Alt1,14.0,44241.0,59464.0,7423.0,12132.199999999997,0.007920683472927865,0.009102131403141098
PBA50Plus_FinalBlueprint/PBA50Plus_Final_Blueprint_v65,2050 EIR Alt1,15.0,122116.0,161336.0,36223.600000000006,26659.600000000006,0.038652252438360485,0.02000125140989932
PBA50Plus_FinalBlueprint/PBA50Plus_Final_Blueprint_v65,2050 EIR Alt1,16.0,158368.0,190640.0,45762.399999999994,48025.0,0.048830592127376275,0.03603055180724447
PBA50Plus_FinalBlueprint/PBA50Plus_Final_Blueprint_v65,2050 EIR Alt1,17.0,159758.0,201604.0,33139.2,40790.20000000001,0.03536105533423833,0.03060267390583787
PBA50Plus_FinalBlueprint/PBA50Plus_Final_Blueprint_v65,2050 EIR Alt1,18.0,279471.0,368133.0,80284.0,78620.59999999998,0.08566673204102664,0.058984770461564674
PBA50Plus_FinalBlueprint/PBA50Plus_Final_Blueprint_v65,2050 EIR Alt1,19.0,120658.0,186909.0,41692.2,18369.399999999994,0.04448750094166821,0.013781564151337768
PBA50Plus_FinalBlueprint/PBA50Plus_Final_Blueprint_v65,2050 EIR Alt1,20.0,121725.0,119198.0,27915.199999999997,35881.0,0.029786806315974124,0.026919567504336047
PBA50Plus_FinalBlueprint/PBA50Plus_Final_Blueprint_v65,2050 EIR Alt1,21.0,115485.0,171382.0,26833.600000000006,48198.399999999994,0.02863268921448972,0.03616064441907947
PBA50Plus_FinalBlueprint/PBA50Plus_Final_Blueprint_v65,2050 EIR Alt1,22.0,73651.0,91844.0,11075.400000000001,6891.399999999994,0.011817962782711206,0.005170243513262765
PBA50Plus_FinalBlueprint/PBA50Plus_Final_Blueprint_v65,2050 EIR Alt1,23.0,61284.0,70186.0,4357.4000000000015,2774.199999999997,0.004649546836176194,0.002081331740211504
PBA50Plus_FinalBlueprint/PBA50Plus_Final_Blueprint_v65,2050 EIR Alt1,24.0,119841.0,73437.0,18681.600000000006,18568.199999999997,0.019934129107887544,0.013930713005044802
PBA50Plus_FinalBlueprint/PBA50Plus_Final_Blueprint_v65,2050 EIR Alt1,25.0,56134.0,54530.0,3597.199999999997,11056.800000000003,0.003838378363035982,0.008295317131126304
PBA50Plus_FinalBlueprint/PBA50Plus_Final_Blueprint_v65,2050 EIR Alt1,26.0,96717.0,105030.0,3186.800000000003,22244.199999999997,0.003400462628523042,0.016688616356287503
PBA50Plus_FinalBlueprint/PBA50Plus_Final_Blueprint_v65,2050 EIR Alt1,27.0,40125.0,53355.0,4902.800000000003,7152.5999999999985,0.005231513799147347,0.005366207701332571
PBA50Plus_FinalBlueprint/PBA50Plus_Final_Blueprint_v65,2050 EIR Alt1,28.0,16185.0,19104.0,531.0,-1704.4000000000015,0.0005666014986022762,-0.0012787188443574705
PBA50Plus_FinalBlueprint/PBA50Plus_Final_Blueprint_v65,2050 EIR Alt1,29.0,74188.0,87767.0,8310.800000000003,16838.399999999994,0.008868007033114498,0.012632937918815305
PBA50Plus_FinalBlueprint/PBA50Plus_Final_Blueprint_v65,2050 EIR Alt1,30.0,100896.0,137927.0,13571.800000000003,25227.199999999997,0.014481736758437615,0.018926599407635972
PBA50Plus_FinalBlueprint/PBA50Plus_Final_Blueprint_v65,2050 EIR Alt1,31.0,38903.0,42551.0,3174.800000000003,10484.599999999999,0.003387658074882313,0.007866026516985638
PBA50Plus_FinalBlueprint/PBA50Plus_Final_Blueprint_v65,2050 EIR Alt1,32.0,30250.0,26996.0,7238.0,-369.0,0.0077232799376332865,-0.00027684067916446033
PBA50Plus_FinalBlueprint/PBA50Plus_Final_Blueprint_v65,2050 EIR Alt1,33.0,53834.0,56999.0,10117.199999999997,-1396.800000000003,0.010795519174498959,-0.0010479432538127887
PBA50Plus_FinalBlueprint/PBA50Plus_Final_Blueprint_v65,2050 EIR Alt1,34.0,46813.0,42340.0,5890.0,1723.0,0.006284901745324684,0.0012926734151771414
PBA50Plus_EIR/PBA50Plus_EIR_Alt2_Var4_v1,2023 EIR Alt2,1.0,98749.4,404227.4,,,,
PBA50Plus_EIR/PBA50Plus_EIR_Alt2_Var4_v1,2023 EIR Alt2,2.0,109761.4,111686.6,,,,
PBA50Plus_EIR/PBA50Plus_EIR_Alt2_Var4_v1,2023 EIR Alt2,3.0,145624.2,192930.0,,,,
PBA50Plus_EIR/PBA50Plus_EIR_Alt2_Var4_v1,2023 EIR Alt2,4.0,52757.2,31142.0,,,,
PBA50Plus_EIR/PBA50Plus_EIR_Alt2_Var4_v1,2023 EIR Alt2,5.0,105090.2,135130.8,,,,
PBA50Plus_EIR/PBA50Plus_EIR_Alt2_Var4_v1,2023 EIR Alt2,6.0,95151.2,115734.4,,,,
PBA50Plus_EIR/PBA50Plus_EIR_Alt2_Var4_v1,2023 EIR Alt2,7.0,87633.0,164867.0,,,,
PBA50Plus_EIR/PBA50Plus_EIR_Alt2_Var4_v1,2023 EIR Alt2,8.0,76723.6,174223.2,,,,
PBA50Plus_EIR/PBA50Plus_EIR_Alt2_Var4_v1,2023 EIR Alt2,9.0,122765.8,391061.8,,,,
PBA50Plus_EIR/PBA50Plus_EIR_Alt2_Var4_v1,2023 EIR Alt2,10.0,123834.4,142996.0,,,,
PBA50Plus_EIR/PBA50Plus_EIR_Alt2_Var4_v1,2023 EIR Alt2,11.0,114347.0,177144.8,,,,
PBA50Plus_EIR/PBA50Plus_EIR_Alt2_Var4_v1,2023 EIR Alt2,12.0,113303.2,114332.6,,,,
PBA50Plus_EIR/PBA50Plus_EIR_Alt2_Var4_v1,2023 EIR Alt2,13.0,74419.8,53255.6,,,,
PBA50Plus_EIR/PBA50Plus_EIR_Alt2_Var4_v1,2023 EIR Alt2,14.0,36818.0,47331.8,,,,
PBA50Plus_EIR/PBA50Plus_EIR_Alt2_Var4_v1,2023 EIR Alt2,15.0,85892.4,134676.4,,,,
PBA50Plus_EIR/PBA50Plus_EIR_Alt2_Var4_v1,2023 EIR Alt2,16.0,112605.6,142615.0,,,,
PBA50Plus_EIR/PBA50Plus_EIR_Alt2_Var4_v1,2023 EIR Alt2,17.0,126618.8,160813.8,,,,
PBA50Plus_EIR/PBA50Plus_EIR_Alt2_Var4_v1,2023 EIR Alt2,18.0,199187.0,289512.4,,,,
PBA50Plus_EIR/PBA50Plus_EIR_Alt2_Var4_v1,2023 EIR Alt2,19.0,78965.8,168539.6,,,,
PBA50Plus_EIR/PBA50Plus_EIR_Alt2_Var4_v1,2023 EIR Alt2,20.0,93809.8,83317.0,,,,
PBA50Plus_EIR/PBA50Plus_EIR_Alt2_Var4_v1,2023 EIR Alt2,21.0,88651.4,123183.6,,,,
PBA50Plus_EIR/PBA50Plus_EIR_Alt2_Var4_v1,2023 EIR Alt2,22.0,62575.6,84952.6,,,,
PBA50Plus_EIR/PBA50Plus_EIR_Alt2_Var4_v1,2023 EIR Alt2,23.0,56926.6,67411.8,,,,
PBA50Plus_EIR/PBA50Plus_EIR_Alt2_Var4_v1,2023 EIR Alt2,24.0,101159.4,54868.8,,,,
PBA50Plus_EIR/PBA50Plus_EIR_Alt2_Var4_v1,2023 EIR Alt2,25.0,52536.8,43473.2,,,,
PBA50Plus_EIR/PBA50Plus_EIR_Alt2_Var4_v1,2023 EIR Alt2,26.0,93530.2,82785.8,,,,
PBA50Plus_EIR/PBA50Plus_EIR_Alt2_Var4_v1,2023 EIR Alt2,27.0,35222.2,46202.4,,,,
PBA50Plus_EIR/PBA50Plus_EIR_Alt2_Var4_v1,2023 EIR Alt2,28.0,15654.0,20808.4,,,,
PBA50Plus_EIR/PBA50Plus_EIR_Alt2_Var4_v1,2023 EIR Alt2,29.0,65877.2,70928.6,,,,
PBA50Plus_EIR/PBA50Plus_EIR_Alt2_Var4_v1,2023 EIR Alt2,30.0,87324.2,112699.8,,,,
PBA50Plus_EIR/PBA50Plus_EIR_Alt2_Var4_v1,2023 EIR Alt2,31.0,35728.2,32066.4,,,,
PBA50Plus_EIR/PBA50Plus_EIR_Alt2_Var4_v1,2023 EIR Alt2,32.0,23012.0,27365.0,,,,
PBA50Plus_EIR/PBA50Plus_EIR_Alt2_Var4_v1,2023 EIR Alt2,33.0,43716.8,58395.8,,,,
PBA50Plus_EIR/PBA50Plus_EIR_Alt2_Var4_v1,2023 EIR Alt2,34.0,40923.0,40617.0,,,,
PBA50Plus_EIR/PBA50Plus_EIR_Alt2_Var4_v1,2050 EIR Alt2,1.0,160195.0,528904.0,61445.600000000006,124676.59999999998,0.06556640949704348,0.09353738664059431
PBA50Plus_EIR/PBA50Plus_EIR_Alt2_Var4_v1,2050 EIR Alt2,2.0,153675.0,125194.0,43913.600000000006,13507.399999999994,0.04685863723503992,0.01013379332055224
PBA50Plus_EIR/PBA50Plus_EIR_Alt2_Var4_v1,2050 EIR Alt2,3.0,236699.0,277247.0,91074.79999999999,84317.0,0.09718267266755203,0.06325799572153068
PBA50Plus_EIR/PBA50Plus_EIR_Alt2_Var4_v1,2050 EIR Alt2,4.0,71189.0,35764.0,18431.800000000003,4622.0,0.019667916768126705,0.003467609808519217
PBA50Plus_EIR/PBA50Plus_EIR_Alt2_Var4_v1,2050 EIR Alt2,5.0,174868.0,210697.0,69777.8,75566.20000000001,0.07445740311109014,0.056692794528888986
PBA50Plus_EIR/PBA50Plus_EIR_Alt2_Var4_v1,2050 EIR Alt2,6.0,117904.0,151447.0,22752.800000000003,35712.600000000006,0.02427870184365245,0.026793025107685723
PBA50Plus_EIR/PBA50Plus_EIR_Alt2_Var4_v1,2050 EIR Alt2,7.0,111256.0,239564.0,23623.0,74697.0,0.025207261244884226,0.056040685821497176
PBA50Plus_EIR/PBA50Plus_EIR_Alt2_Var4_v1,2050 EIR Alt2,8.0,94309.0,221071.0,17585.399999999994,46847.79999999999,0.01876475349853054,0.03514709882898021
PBA50Plus_EIR/PBA50Plus_EIR_Alt2_Var4_v1,2050 EIR Alt2,9.0,214581.0,628991.0,91815.2,237929.2,0.09797272711557778,0.1785040302148703
PBA50Plus_EIR/PBA50Plus_EIR_Alt2_Var4_v1,2050 EIR Alt2,10.0,139343.0,204629.0,15508.600000000006,61633.0,0.01654867424723412,0.0462395489676471
PBA50Plus_EIR/PBA50Plus_EIR_Alt2_Var4_v1,2050 EIR Alt2,11.0,164396.0,281716.0,50049.0,104571.20000000001,0.05340550387525761,0.07845350904557005
PBA50Plus_EIR/PBA50Plus_EIR_Alt2_Var4_v1,2050 EIR Alt2,12.0,153705.0,148651.0,40401.8,34318.399999999994,0.04311132063512524,0.025747040340260898
PBA50Plus_EIR/PBA50Plus_EIR_Alt2_Var4_v1,2050 EIR Alt2,13.0,86288.0,61335.0,11868.199999999997,8079.4000000000015,0.012664133171338732,0.006061489979868059
PBA50Plus_EIR/PBA50Plus_EIR_Alt2_Var4_v1,2050 EIR Alt2,14.0,40946.0,58719.0,4128.0,11387.199999999997,0.004404841655119252,0.008543134230110345
PBA50Plus_EIR/PBA50Plus_EIR_Alt2_Var4_v1,2050 EIR Alt2,15.0,135627.0,158183.0,49734.600000000006,23506.600000000006,0.05307001884222237,0.017635594271946744
PBA50Plus_EIR/PBA50Plus_EIR_Alt2_Var4_v1,2050 EIR Alt2,16.0,162732.0,184227.0,50126.399999999994,41612.0,0.05348809465629109,0.03121899163827383
PBA50Plus_EIR/PBA50Plus_EIR_Alt2_Var4_v1,2050 EIR Alt2,17.0,157811.0,197508.0,31192.199999999997,36694.20000000001,0.03328408475649484,0.02752946080393031
PBA50Plus_EIR/PBA50Plus_EIR_Alt2_Var4_v1,2050 EIR Alt2,18.0,276507.0,380034.0,77320.0,90521.59999999998,0.08250541588513094,0.06791293553501797
PBA50Plus_EIR/PBA50Plus_EIR_Alt2_Var4_v1,2050 EIR Alt2,19.0,113620.0,196898.0,34654.2,28358.399999999994,0.03697826155155851,0.02127560925874326
PBA50Plus_EIR/PBA50Plus_EIR_Alt2_Var4_v1,2050 EIR Alt2,20.0,118332.0,114902.0,24522.199999999997,31585.0,0.026166765512394694,0.023696334011700446
PBA50Plus_EIR/PBA50Plus_EIR_Alt2_Var4_v1,2050 EIR Alt2,21.0,111851.0,169549.0,23199.600000000006,46365.399999999994,0.024755466197215265,0.03478518299781845
PBA50Plus_EIR/PBA50Plus_EIR_Alt2_Var4_v1,2050 EIR Alt2,22.0,69199.0,101180.0,6623.4000000000015,16227.399999999994,0.0070675940451833475,0.012174446431580424
PBA50Plus_EIR/PBA50Plus_EIR_Alt2_Var4_v1,2050 EIR Alt2,23.0,58260.0,75926.0,1333.4000000000015,8514.199999999997,0.0014228236102073683,0.006387694381586826
PBA50Plus_EIR/PBA50Plus_EIR_Alt2_Var4_v1,2050 EIR Alt2,24.0,120307.0,71294.0,19147.600000000006,16425.199999999997,0.020431721433033286,0.01232284392619858
PBA50Plus_EIR/PBA50Plus_EIR_Alt2_Var4_v1,2050 EIR Alt2,25.0,55651.0,51551.0,3114.199999999997,8077.800000000003,0.0033230518125902035,0.006060289595685102
PBA50Plus_EIR/PBA50Plus_EIR_Alt2_Var4_v1,2050 EIR Alt2,26.0,95300.0,98886.0,1769.800000000003,16100.199999999997,0.0018884904944840271,0.012079015889035285
PBA50Plus_EIR/PBA50Plus_EIR_Alt2_Var4_v1,2050 EIR Alt2,27.0,39030.0,52184.0,3807.800000000003,5981.5999999999985,0.00406316764882827,0.0044876362679875685
PBA50Plus_EIR/PBA50Plus_EIR_Alt2_Var4_v1,2050 EIR Alt2,28.0,15914.0,19533.0,260.0,-1275.4000000000015,0.0002774367321538288,-0.0009568562418402021
PBA50Plus_EIR/PBA50Plus_EIR_Alt2_Var4_v1,2050 EIR Alt2,29.0,72876.0,83993.0,6998.800000000003,13064.399999999994,0.0074681700038393,0.009801436949895811
PBA50Plus_EIR/PBA50Plus_EIR_Alt2_Var4_v1,2050 EIR Alt2,30.0,96708.0,133646.0,9383.800000000003,20946.199999999997,0.01001311848917346,0.015714679483168587
PBA50Plus_EIR/PBA50Plus_EIR_Alt2_Var4_v1,2050 EIR Alt2,31.0,43637.0,40841.0,7908.800000000003,8774.599999999999,0.0084391985663777,0.006583056907363201
PBA50Plus_EIR/PBA50Plus_EIR_Alt2_Var4_v1,2050 EIR Alt2,32.0,32278.0,26249.0,9266.0,-1116.0,0.009887418308220684,-0.0008372679676130347
PBA50Plus_EIR/PBA50Plus_EIR_Alt2_Var4_v1,2050 EIR Alt2,33.0,52397.0,60157.0,8680.199999999997,1761.199999999997,0.009262332009391016,0.0013213228893907475
PBA50Plus_EIR/PBA50Plus_EIR_Alt2_Var4_v1,2050 EIR Alt2,34.0,46655.0,43534.0,5732.0,2917.0,0.006116412879637488,0.0021884504135548585
